,,ClusterLabel
45.93,27.97,o
45.9,27.95,o
45.9,27.96,o
45.93,27.95,o
45.93,27.97,o
45.9,27.98,o
45.9,27.95,o
45.97,27.94,o
46.0,27.92,o
46.1,27.92,o
46.1,27.9,o
46.2,27.89,o
46.26,27.88,o
46.3,27.88,o
46.23,27.87,o
46.16,27.87,o
46.13,27.85,o
46.1,27.86,o
46.1,27.86,o
46.07,27.84,o
46.1,27.87,o
46.03,27.87,o
46.03,27.85,o
46.03,27.86,o
46.03,27.85,o
46.03,27.84,o
46.03,27.82,o
46.1,27.82,o
46.1,27.83,o
46.1,27.84,o
46.1,27.83,o
46.07,27.83,o
46.07,27.83,o
46.1,27.83,o
46.1,27.83,o
46.03,27.83,o
46.0,27.83,o
45.97,27.82,o
45.93,27.81,o
45.9,27.8,o
45.87,27.82,o
45.9,27.82,o
45.9,27.8,o
45.9,27.81,o
45.93,27.78,o
45.97,27.78,o
45.97,27.81,o
45.97,27.8,o
45.97,27.81,o
46.0,27.8,o
45.97,27.79,o
45.97,27.77,o
46.0,27.76,o
45.97,27.76,o
46.0,27.76,o
46.0,27.76,o
46.03,27.75,o
45.97,27.72,o
46.0,27.72,o
46.0,27.72,o
46.0,27.71,o
45.97,27.69,o
45.97,27.71,o
46.0,27.72,o
45.97,27.72,o
45.97,27.71,o
45.93,27.71,o
45.93,27.7,o
45.9,27.71,o
45.9,27.69,o
45.9,27.7,o
45.9,27.67,o
45.9,27.67,o
45.93,27.66,o
45.9,27.67,o
45.9,27.66,o
45.93,27.66,o
45.93,27.68,o
46.0,27.67,o
45.97,27.67,o
45.93,27.65,o
45.93,27.67,o
45.93,27.66,o
45.9,27.66,o
45.9,27.64,o
45.87,27.65,o
45.84,27.66,o
45.84,27.65,o
45.84,27.66,o
45.87,27.63,o
45.84,27.64,o
45.84,27.6,o
45.9,27.59,o
45.97,27.57,o
45.97,27.59,o
45.93,27.59,o
45.97,27.58,o
45.97,27.59,o
45.93,27.59,o
45.9,27.58,o
45.93,27.56,o
45.97,27.57,o
45.93,27.56,o
45.9,27.57,o
45.9,27.55,o
45.9,27.55,o
45.9,27.55,o
45.9,27.58,o
45.9,27.57,o
45.87,27.59,o
45.84,27.61,o
45.84,27.6,o
45.87,27.59,o
45.9,27.58,o
46.03,27.59,o
46.26,27.57,o
46.52,27.58,o
46.75,27.56,o
47.08,27.55,o
47.28,27.55,o
47.28,27.54,o
47.31,27.55,o
47.28,27.55,o
47.34,27.54,o
47.38,27.56,o
47.41,27.59,o
47.41,27.6,o
47.47,27.61,o
47.47,27.61,o
47.47,27.61,o
47.47,27.64,o
47.41,27.64,o
47.38,27.65,o
47.34,27.65,o
47.28,27.67,o
47.24,27.69,o
47.18,27.72,o
47.15,27.72,o
47.15,27.73,o
47.15,27.74,o
47.08,27.76,o
47.05,27.77,o
47.02,27.79,o
46.95,27.79,o
46.95,27.8,o
46.92,27.81,o
46.89,27.82,o
46.85,27.84,o
46.82,27.85,o
46.75,27.87,o
46.69,27.86,o
46.66,27.87,o
46.62,27.88,o
46.62,27.89,o
46.56,27.9,o
46.52,27.9,o
46.49,27.91,o
46.46,27.91,o
46.43,27.91,o
46.43,27.92,o
46.43,27.93,o
46.43,27.93,o
46.39,27.95,o
46.39,27.96,o
46.36,27.96,o
46.33,27.96,o
46.3,27.97,o
46.26,27.97,o
46.26,27.98,o
46.23,27.99,o
46.23,28.0,o
46.2,28.01,o
46.2,28.01,o
46.16,28.01,o
46.16,28.02,o
46.16,28.03,o
46.13,28.03,o
46.1,28.04,o
46.07,28.04,o
46.03,28.05,o
46.03,28.08,o
46.03,28.09,o
46.03,28.09,o
46.0,28.09,o
46.03,28.11,o
46.1,28.11,o
46.1,28.11,o
46.13,28.12,o
46.16,28.12,o
46.16,28.13,o
46.16,28.13,o
46.16,28.14,o
46.16,28.14,o
46.16,28.15,o
46.13,28.16,o
46.13,28.15,o
46.1,28.16,o
46.13,28.17,o
46.1,28.18,o
46.1,28.17,o
46.07,28.17,o
46.03,28.17,o
46.03,28.18,o
46.03,28.18,o
46.03,28.17,o
46.0,28.18,o
45.97,28.19,o
45.97,28.19,o
45.97,28.19,o
45.97,28.2,o
45.97,28.2,o
45.93,28.21,o
45.9,28.21,o
45.9,28.23,o
45.9,28.22,o
45.87,28.23,o
45.87,28.25,o
45.84,28.25,o
45.84,28.25,o
45.84,28.24,o
45.84,28.24,o
45.84,28.25,o
45.84,28.23,o
45.84,28.26,o
45.77,28.25,o
45.8,28.26,o
45.84,28.26,o
45.77,28.27,o
45.8,28.27,o
45.77,28.27,o
45.77,28.27,o
45.77,28.27,o
45.74,28.27,o
45.74,28.27,o
45.74,28.28,o
45.74,28.29,o
45.7,28.29,o
45.7,28.29,o
45.7,28.29,o
45.7,28.29,o
45.7,28.29,o
45.67,28.29,o
45.67,28.3,o
45.67,28.3,o
45.67,28.3,o
45.64,28.3,o
45.67,28.31,o
45.64,28.31,o
45.64,28.3,o
45.64,28.31,o
45.64,28.32,o
45.6,28.31,o
45.6,28.33,o
45.6,28.31,o
45.57,28.33,o
45.57,28.33,o
45.57,28.36,o
45.57,28.35,o
45.57,28.35,o
45.54,28.35,o
45.51,28.36,o
45.51,28.36,o
45.51,28.35,o
45.51,28.36,o
45.51,28.37,o
45.47,28.37,o
45.47,28.37,o
45.44,28.37,o
45.44,28.37,o
45.44,28.37,o
45.44,28.38,o
45.44,28.37,o
45.44,28.39,o
45.44,28.39,o
45.44,28.4,o
45.44,28.39,o
45.41,28.4,o
45.41,28.4,o
45.44,28.41,o
45.41,28.41,o
45.37,28.41,o
45.37,28.41,o
45.37,28.41,o
45.34,28.41,o
45.37,28.42,o
45.34,28.42,o
45.34,28.42,o
45.31,28.42,o
45.31,28.42,o
45.34,28.43,o
45.34,28.43,o
45.34,28.44,o
45.34,28.43,o
45.31,28.43,o
45.31,28.43,o
45.31,28.43,o
45.31,28.43,o
45.31,28.45,o
45.31,28.45,o
45.31,28.45,o
45.31,28.44,o
45.31,28.46,o
45.31,28.45,o
45.28,28.45,o
45.28,28.45,o
45.28,28.44,o
45.24,28.46,o
45.24,28.46,o
45.24,28.45,o
45.24,28.47,o
45.24,28.46,o
45.24,28.45,o
45.24,28.46,o
45.24,28.47,o
45.24,28.47,o
45.24,28.48,o
45.24,28.48,o
45.21,28.47,o
45.21,28.48,o
45.24,28.47,o
45.24,28.47,o
45.18,28.48,o
45.11,28.45,o
45.01,28.45,o
44.98,28.44,o
44.98,28.45,o
44.98,28.45,o
45.01,28.44,o
45.04,28.45,o
45.04,28.43,o
45.08,28.44,o
45.14,28.43,o
45.18,28.42,o
45.21,28.43,o
45.24,28.41,o
45.21,28.41,o
45.24,28.41,o
45.21,28.43,o
45.18,28.43,o
45.18,28.45,o
45.11,28.44,o
45.08,28.44,o
44.98,28.44,o
44.91,28.42,o
44.85,28.42,o
44.85,28.43,o
44.81,28.42,o
44.78,28.41,o
44.81,28.41,o
44.78,28.41,o
44.78,28.41,o
44.71,28.39,o
44.68,28.38,o
44.68,28.41,o
44.71,28.39,o
44.71,28.39,o
44.71,28.41,o
44.61,28.42,o
44.58,28.4,o
44.52,28.41,o
44.48,28.4,o
44.48,28.39,o
44.45,28.4,o
44.38,28.39,o
44.38,28.38,o
44.32,28.39,o
44.35,28.38,o
44.35,28.39,o
44.38,28.37,o
44.38,28.39,o
44.32,28.37,o
44.32,28.37,o
44.32,28.36,o
44.32,28.37,o
44.35,28.36,o
44.38,28.37,o
44.45,28.36,o
44.45,28.39,o
44.48,28.39,o
44.55,28.4,o
44.65,28.4,o
44.58,28.39,o
44.55,28.4,o
44.52,28.39,o
44.58,28.4,o
44.58,28.41,o
44.58,28.43,o
44.65,28.42,o
44.65,28.43,o
44.71,28.42,o
44.71,28.43,o
44.71,28.42,o
44.71,28.43,o
44.68,28.43,o
44.68,28.42,o
44.71,28.44,o
44.71,28.44,o
44.75,28.45,o
44.75,28.45,o
44.75,28.47,o
44.75,28.47,o
44.78,28.46,o
44.78,28.46,o
44.78,28.46,o
44.78,28.45,o
44.78,28.45,o
44.78,28.47,o
44.78,28.47,o
44.78,28.47,o
44.75,28.48,o
44.78,28.47,o
44.78,28.48,o
44.75,28.48,o
44.78,28.48,o
44.75,28.49,o
44.78,28.49,o
44.78,28.49,o
44.78,28.49,o
44.78,28.5,o
44.78,28.5,o
44.78,28.51,o
44.78,28.51,o
44.78,28.51,o
44.78,28.51,o
44.78,28.5,o
44.78,28.5,o
44.78,28.51,o
44.81,28.51,o
44.78,28.51,o
44.81,28.51,o
44.81,28.53,o
44.85,28.51,o
44.81,28.51,o
44.85,28.51,o
44.81,28.51,o
44.85,28.53,o
44.85,28.52,o
44.85,28.5,o
44.85,28.51,o
44.85,28.51,o
44.85,28.51,o
44.85,28.51,o
44.85,28.51,o
44.88,28.51,o
44.88,28.51,o
44.88,28.51,o
44.88,28.52,o
44.91,28.51,o
44.91,28.51,o
44.91,28.53,o
44.91,28.52,o
44.88,28.52,o
44.88,28.53,o
44.88,28.53,o
44.88,28.52,o
44.88,28.53,o
44.91,28.52,o
44.91,28.52,o
44.91,28.53,o
44.91,28.53,o
44.91,28.53,o
44.91,28.52,o
44.91,28.52,o
44.91,28.53,o
44.91,28.53,o
44.88,28.53,o
44.91,28.52,o
44.91,28.53,o
44.91,28.52,o
44.91,28.52,o
44.91,28.52,o
44.91,28.53,o
44.91,28.53,o
44.91,28.53,o
44.91,28.54,o
44.91,28.52,o
44.88,28.53,o
44.91,28.53,o
44.91,28.53,o
44.91,28.54,o
44.91,28.54,o
44.91,28.54,o
44.88,28.54,o
44.91,28.55,o
44.91,28.55,o
44.91,28.54,o
44.91,28.54,o
44.91,28.55,o
44.91,28.54,o
44.91,28.54,o
44.91,28.54,o
44.91,28.54,o
44.91,28.55,o
44.91,28.55,o
44.91,28.56,o
44.91,28.55,o
44.91,28.55,o
44.91,28.55,o
44.91,28.55,o
44.91,28.54,o
44.91,28.54,o
44.91,28.54,o
44.91,28.55,o
44.91,28.55,o
44.91,28.55,o
44.91,28.55,o
44.91,28.55,o
44.91,28.56,o
44.91,28.56,o
44.91,28.56,o
44.91,28.57,o
44.91,28.55,o
44.91,28.56,o
44.91,28.55,o
44.91,28.57,o
44.91,28.56,o
44.91,28.55,o
44.91,28.56,o
44.88,28.57,o
44.91,28.57,o
44.91,28.57,o
44.91,28.56,o
44.91,28.56,o
44.88,28.56,o
44.88,28.56,o
44.88,28.57,o
44.85,28.56,o
44.88,28.56,o
44.91,28.57,o
44.88,28.56,o
44.91,28.57,o
44.85,28.57,o
44.85,28.57,o
44.88,28.55,o
44.88,28.56,o
44.85,28.56,o
44.85,28.57,o
44.85,28.56,o
44.85,28.56,o
44.85,28.57,o
44.88,28.58,o
44.85,28.57,o
44.85,28.57,o
44.88,28.57,o
44.88,28.59,o
44.85,28.57,o
44.85,28.58,o
44.85,28.57,o
44.85,28.58,o
44.85,28.58,o
44.88,28.58,o
44.85,28.59,o
44.85,28.57,o
44.88,28.58,o
44.88,28.58,o
44.85,28.59,o
44.85,28.58,o
44.85,28.57,o
44.85,28.57,o
44.85,28.58,o
44.85,28.58,o
44.85,28.59,o
44.85,28.58,o
44.85,28.58,o
44.85,28.59,o
44.85,28.59,o
44.85,28.59,o
44.85,28.59,o
44.85,28.59,o
44.85,28.58,o
44.85,28.59,o
44.85,28.59,o
44.85,28.59,o
44.85,28.59,o
44.85,28.6,o
44.85,28.6,o
44.85,28.59,o
44.85,28.6,o
44.85,28.6,o
44.85,28.59,o
44.85,28.6,o
44.85,28.6,o
44.85,28.59,o
44.85,28.61,o
44.85,28.59,o
44.85,28.59,o
44.81,28.6,o
44.85,28.59,o
44.81,28.6,o
44.85,28.59,o
44.85,28.59,o
44.85,28.61,o
44.85,28.59,o
44.85,28.6,o
44.85,28.61,o
44.85,28.6,o
44.85,28.61,o
44.85,28.61,o
44.85,28.61,o
44.81,28.6,o
44.85,28.6,o
44.85,28.61,o
44.85,28.61,o
44.85,28.61,o
44.81,28.6,o
44.81,28.6,o
44.85,28.62,o
44.85,28.61,o
44.85,28.61,o
44.81,28.61,o
44.85,28.6,o
44.85,28.61,o
44.85,28.61,o
44.85,28.61,o
44.81,28.62,o
44.85,28.61,o
44.85,28.61,o
44.85,28.62,o
44.85,28.62,o
44.81,28.61,o
44.81,28.62,o
44.81,28.61,o
44.81,28.62,o
44.85,28.63,o
44.85,28.64,o
44.85,28.62,o
44.85,28.62,o
44.81,28.63,o
44.85,28.63,o
44.85,28.63,o
44.81,28.62,o
44.81,28.63,o
44.81,28.62,o
44.81,28.64,o
44.81,28.64,o
44.81,28.64,o
44.81,28.63,o
44.81,28.64,o
44.78,28.63,o
44.81,28.63,o
44.81,28.64,o
44.78,28.64,o
44.81,28.65,o
44.81,28.65,o
44.78,28.64,o
44.81,28.65,o
44.81,28.65,o
44.78,28.64,o
44.78,28.64,o
44.81,28.64,o
44.78,28.65,o
44.78,28.64,o
44.81,28.65,o
44.81,28.66,o
44.81,28.66,o
44.78,28.67,o
44.78,28.66,o
44.78,28.65,o
44.81,28.65,o
44.78,28.67,o
44.81,28.66,o
44.81,28.67,o
44.78,28.67,o
44.78,28.66,o
44.78,28.66,o
44.78,28.67,o
44.78,28.67,o
44.78,28.66,o
44.78,28.67,o
44.78,28.67,o
44.78,28.66,o
44.78,28.67,o
44.78,28.67,o
44.78,28.67,o
44.78,28.67,o
44.78,28.67,o
44.78,28.67,o
44.78,28.67,o
44.78,28.68,o
44.78,28.67,o
44.78,28.67,o
44.78,28.67,o
44.78,28.67,o
44.78,28.67,o
44.78,28.67,o
44.78,28.67,o
44.81,28.68,o
44.78,28.68,o
44.78,28.68,o
44.78,28.68,o
44.78,28.67,o
44.81,28.68,o
44.81,28.68,o
44.81,28.67,o
44.78,28.68,o
44.78,28.67,o
44.78,28.68,o
44.78,28.67,o
44.78,28.66,o
44.78,28.67,o
44.78,28.68,o
44.78,28.68,o
44.81,28.67,o
44.78,28.67,o
44.78,28.67,o
44.81,28.67,o
44.81,28.68,o
44.81,28.67,o
44.85,28.68,o
44.85,28.68,o
44.81,28.68,o
44.81,28.69,o
44.78,28.68,o
44.85,28.67,o
44.81,28.69,o
44.81,28.67,o
44.81,28.68,o
44.81,28.68,o
44.81,28.68,o
44.85,28.68,o
44.81,28.69,o
44.81,28.68,o
44.85,28.69,o
44.81,28.69,o
44.85,28.68,o
44.85,28.69,o
44.81,28.68,o
44.81,28.68,o
44.81,28.68,o
44.81,28.68,o
44.81,28.68,o
44.85,28.7,o
44.85,28.69,o
44.85,28.69,o
44.85,28.68,o
44.85,28.68,o
44.85,28.68,o
44.85,28.69,o
44.85,28.69,o
44.85,28.69,o
44.85,28.68,o
44.85,28.68,o
44.85,28.69,o
44.85,28.69,o
44.85,28.69,o
44.85,28.68,o
44.85,28.69,o
44.85,28.69,o
44.85,28.7,o
44.85,28.69,o
44.85,28.68,o
44.85,28.69,o
44.85,28.69,o
44.85,28.69,o
44.85,28.7,o
44.85,28.69,o
44.85,28.69,o
44.85,28.69,o
44.85,28.7,o
44.85,28.7,o
44.85,28.7,o
44.85,28.69,o
44.85,28.69,o
44.85,28.7,o
44.85,28.7,o
44.85,28.69,o
44.85,28.7,o
44.85,28.71,o
44.85,28.7,o
44.85,28.7,o
44.85,28.69,o
44.85,28.7,o
44.85,28.7,o
44.85,28.7,o
44.85,28.71,o
44.85,28.7,o
44.88,28.7,o
44.88,28.7,o
44.85,28.7,o
44.88,28.71,o
44.85,28.7,o
44.85,28.7,o
44.88,28.71,o
44.95,28.7,o
44.98,28.7,o
45.04,28.71,o
45.01,28.71,o
45.04,28.7,o
45.04,28.69,o
45.04,28.69,o
45.08,28.7,o
45.14,28.69,o
45.18,28.7,o
45.21,28.71,o
45.21,28.7,o
45.18,28.71,o
45.21,28.7,o
45.21,28.71,o
45.24,28.71,o
45.21,28.69,o
45.21,28.69,o
45.21,28.7,o
45.18,28.7,o
45.18,28.69,o
45.21,28.69,o
45.18,28.71,o
45.18,28.7,o
45.18,28.71,o
45.14,28.71,o
45.14,28.71,o
45.11,28.71,o
45.11,28.71,o
45.11,28.71,o
45.11,28.7,o
45.11,28.7,o
45.11,28.69,o
45.11,28.69,o
45.11,28.68,o
45.11,28.68,o
45.11,28.69,o
45.11,28.69,o
45.11,28.71,o
45.11,28.71,o
45.08,28.71,o
45.11,28.71,o
45.11,28.71,o
45.08,28.7,o
45.11,28.7,o
45.11,28.69,o
45.11,28.69,o
45.11,28.7,o
45.11,28.69,o
45.11,28.7,o
45.11,28.71,o
45.11,28.71,o
45.08,28.71,o
45.04,28.71,o
45.04,28.72,o
45.04,28.73,o
45.04,28.72,o
45.04,28.71,o
45.04,28.71,o
45.08,28.71,o
45.04,28.71,o
45.04,28.72,o
45.04,28.71,o
45.04,28.72,o
45.08,28.71,o
45.08,28.7,o
45.08,28.7,o
45.04,28.7,o
45.04,28.71,o
45.04,28.71,o
45.04,28.69,o
45.04,28.7,o
45.04,28.71,o
45.04,28.73,o
45.04,28.71,o
45.04,28.73,o
44.98,28.73,o
45.01,28.73,o
45.01,28.73,o
45.01,28.73,o
45.01,28.73,o
45.01,28.73,o
45.04,28.74,o
45.04,28.73,o
45.04,28.73,o
45.04,28.72,o
45.04,28.72,o
45.04,28.73,o
45.04,28.73,o
45.04,28.73,o
45.04,28.72,o
45.08,28.73,o
45.01,28.73,o
45.01,28.73,o
44.98,28.74,o
44.98,28.73,o
45.04,28.73,o
45.08,28.73,o
45.14,28.74,o
45.18,28.73,o
45.18,28.73,o
45.21,28.73,o
45.21,28.73,o
45.24,28.72,o
45.24,28.73,o
45.24,28.73,o
45.24,28.73,o
45.28,28.73,o
45.24,28.73,o
45.28,28.73,o
45.21,28.72,o
45.11,28.72,o
45.04,28.7,o
45.04,28.7,o
45.11,28.7,o
45.18,28.71,o
45.21,28.71,o
45.24,28.72,o
45.21,28.71,o
45.24,28.71,o
45.24,28.71,o
45.24,28.73,o
45.18,28.71,o
45.14,28.71,o
45.14,28.72,o
45.14,28.71,o
45.11,28.71,o
45.18,28.73,o
45.11,28.72,o
45.11,28.72,o
45.11,28.72,o
45.11,28.73,o
45.11,28.74,o
45.11,28.73,o
45.11,28.73,o
45.11,28.73,o
45.14,28.74,o
45.18,28.73,o
45.18,28.72,o
45.18,28.73,o
45.11,28.73,o
45.11,28.73,o
45.08,28.73,o
45.08,28.73,o
45.04,28.73,o
45.08,28.73,o
45.04,28.73,o
45.04,28.73,o
45.04,28.73,o
45.08,28.73,o
45.04,28.73,o
45.08,28.73,o
45.08,28.74,o
45.08,28.74,o
45.08,28.74,o
45.04,28.73,o
45.04,28.73,o
45.04,28.74,o
45.04,28.73,o
45.04,28.75,o
45.04,28.74,o
45.04,28.75,o
45.04,28.74,o
45.04,28.75,o
45.04,28.73,o
45.08,28.75,o
45.04,28.74,o
45.04,28.75,o
45.04,28.74,o
45.04,28.75,o
45.04,28.74,o
44.98,28.74,o
44.98,28.74,o
44.98,28.74,o
45.01,28.73,o
45.01,28.73,o
45.01,28.75,o
45.01,28.75,o
45.01,28.75,o
45.01,28.75,o
45.01,28.75,o
44.98,28.75,o
44.98,28.75,o
44.98,28.75,o
44.98,28.75,o
44.98,28.76,o
44.98,28.75,o
44.98,28.75,o
44.98,28.75,o
44.98,28.76,o
44.98,28.74,o
44.98,28.75,o
44.98,28.75,o
44.98,28.76,o
44.98,28.75,o
44.98,28.74,o
44.98,28.75,o
44.98,28.76,o
44.98,28.75,o
44.98,28.76,o
44.98,28.75,o
44.98,28.76,o
44.98,28.76,o
44.98,28.76,o
44.95,28.76,o
44.98,28.77,o
44.98,28.75,o
44.98,28.76,o
44.98,28.76,o
44.98,28.77,o
44.98,28.77,o
44.95,28.77,o
44.95,28.76,o
44.95,28.76,o
44.91,28.76,o
44.95,28.76,o
44.95,28.76,o
44.98,28.77,o
44.98,28.76,o
44.98,28.77,o
44.98,28.77,o
44.98,28.77,o
44.95,28.76,o
44.95,28.75,o
44.91,28.77,o
44.91,28.76,o
44.95,28.77,o
44.91,28.77,o
44.91,28.77,o
44.91,28.77,o
44.91,28.77,o
44.91,28.77,o
44.95,28.77,o
44.12,28.75,o
44.08,28.74,o
43.98,28.75,o
43.95,28.74,o
43.95,28.75,o
43.98,28.75,o
43.98,28.76,o
43.92,28.75,o
43.85,28.73,o
43.85,28.73,o
43.92,28.74,o
43.85,28.74,o
43.82,28.74,o
43.82,28.73,o
43.85,28.74,o
43.85,28.73,o
43.85,28.73,o
43.82,28.73,o
43.79,28.72,o
43.79,28.72,o
43.82,28.73,o
43.85,28.73,o
43.85,28.73,o
43.82,28.72,o
43.79,28.73,o
43.79,28.72,o
43.72,28.74,o
43.75,28.74,o
43.75,28.73,o
43.72,28.74,o
43.65,28.74,o
43.65,28.75,o
43.62,28.74,o
43.65,28.73,o
43.65,28.74,o
43.62,28.74,o
43.65,28.74,o
43.65,28.74,o
43.65,28.74,o
43.65,28.74,o
43.65,28.76,o
43.65,28.76,o
43.59,28.75,o
43.55,28.75,o
43.55,28.75,o
43.55,28.74,o
43.52,28.75,o
43.49,28.74,o
43.45,28.74,o
43.45,28.75,o
43.45,28.75,o
43.45,28.75,o
43.45,28.75,o
43.45,28.74,o
43.42,28.75,o
43.45,28.74,o
43.45,28.74,o
43.45,28.75,o
43.39,28.74,o
43.39,28.75,o
43.42,28.76,o
43.35,28.76,o
43.39,28.75,o
43.32,28.74,o
43.29,28.75,o
43.29,28.75,o
43.32,28.74,o
43.29,28.75,o
43.25,28.75,o
43.22,28.75,o
43.22,28.75,o
43.19,28.73,o
43.22,28.73,o
43.25,28.72,o
43.22,28.72,o
43.25,28.74,o
43.25,28.73,o
43.35,28.74,o
43.32,28.74,o
43.25,28.74,o
43.22,28.73,o
43.19,28.74,o
43.12,28.74,o
43.12,28.75,o
43.12,28.73,o
43.12,28.75,o
43.12,28.75,o
43.12,28.74,o
43.09,28.75,o
43.05,28.75,o
43.05,28.74,o
43.09,28.74,o
43.12,28.74,o
43.12,28.75,o
43.09,28.75,o
43.09,28.75,o
43.05,28.75,o
43.05,28.73,o
43.02,28.73,o
43.05,28.74,o
43.09,28.76,o
43.12,28.75,o
43.05,28.75,o
43.05,28.73,o
42.99,28.74,o
42.85,28.7,o
42.69,28.67,o
42.72,28.66,o
42.72,28.64,o
43.12,28.64,o
43.69,28.65,o
44.38,28.64,o
43.98,28.63,o
43.95,28.58,o
43.79,28.55,o
44.32,28.54,o
44.65,28.52,o
44.78,28.52,o
44.91,28.52,o
44.98,28.55,o
44.98,28.57,o
45.01,28.57,o
44.88,28.58,o
44.71,28.6,o
44.65,28.61,o
44.61,28.62,o
44.58,28.61,o
44.48,28.59,o
44.55,28.58,o
44.61,28.58,o
44.68,28.6,o
44.78,28.6,o
44.81,28.6,o
44.85,28.62,o
44.91,28.63,o
44.95,28.64,o
44.91,28.65,o
44.71,28.65,o
44.71,28.66,o
44.68,28.67,o
44.65,28.67,o
44.65,28.67,o
44.71,28.67,o
44.78,28.68,o
44.85,28.69,o
44.88,28.69,o
44.91,28.7,o
44.98,28.71,o
44.98,28.71,o
44.95,28.7,o
44.91,28.7,o
44.88,28.71,o
44.85,28.7,o
44.75,28.69,o
44.71,28.69,o
44.75,28.69,o
44.78,28.69,o
44.85,28.7,o
44.85,28.7,o
44.88,28.7,o
44.81,28.69,o
44.78,28.71,o
44.75,28.7,o
44.75,28.7,o
44.78,28.7,o
44.75,28.69,o
44.78,28.71,o
44.78,28.7,o
44.71,28.71,o
44.65,28.69,o
44.52,28.67,o
44.48,28.65,o
44.48,28.63,o
44.52,28.63,o
44.52,28.63,o
44.55,28.62,o
44.58,28.62,o
44.68,28.61,o
44.71,28.61,o
44.78,28.6,o
44.88,28.6,o
44.88,28.6,o
44.88,28.62,o
44.85,28.63,o
44.88,28.61,o
45.04,28.61,o
45.01,28.6,o
44.78,28.57,o
44.71,28.54,o
44.78,28.53,o
44.71,28.54,o
44.75,28.54,o
44.71,28.54,o
44.71,28.54,o
44.61,28.53,o
44.58,28.51,o
44.58,28.51,o
44.58,28.5,o
44.58,28.5,o
44.58,28.48,o
44.58,28.5,o
44.52,28.47,o
44.52,28.47,o
44.48,28.44,o
44.48,28.43,o
44.45,28.43,o
44.45,28.44,o
44.42,28.43,o
44.42,28.43,o
44.38,28.43,o
44.35,28.43,o
44.35,28.41,o
44.35,28.41,o
44.35,28.39,o
44.35,28.41,o
44.35,28.41,o
44.32,28.4,o
44.32,28.35,o
44.35,28.36,o
44.38,28.35,o
44.38,28.37,o
44.35,28.38,o
44.35,28.38,o
44.32,28.36,o
44.28,28.35,o
44.25,28.35,o
44.22,28.34,o
44.22,28.34,o
44.18,28.34,o
44.18,28.31,o
44.18,28.32,o
44.18,28.32,o
44.18,28.31,o
44.18,28.3,o
44.15,28.31,o
44.18,28.3,o
44.18,28.3,o
44.18,28.29,o
44.18,28.27,o
44.22,28.28,o
44.22,28.28,o
44.18,28.29,o
44.15,28.27,o
44.12,28.25,o
44.15,28.23,o
44.15,28.22,o
44.18,28.2,o
44.18,28.23,o
44.12,28.22,o
44.08,28.21,o
44.08,28.21,o
44.08,28.21,o
44.08,28.22,o
44.05,28.22,o
44.08,28.2,o
44.08,28.21,o
44.08,28.22,o
44.08,28.23,o
44.05,28.23,o
44.05,28.25,o
44.05,28.24,o
44.05,28.24,o
44.02,28.23,o
43.98,28.21,o
43.98,28.23,o
43.95,28.24,o
43.92,28.23,o
43.88,28.23,o
43.88,28.23,o
43.88,28.22,o
43.85,28.21,o
43.85,28.21,o
43.88,28.21,o
43.88,28.18,o
43.92,28.17,o
43.92,28.16,o
43.98,28.15,o
43.98,28.14,o
43.98,28.12,o
43.98,28.13,o
43.98,28.13,o
43.98,28.13,o
43.95,28.14,o
43.92,28.15,o
43.88,28.14,o
43.88,28.13,o
43.88,28.15,o
43.85,28.13,o
43.85,28.13,o
43.85,28.13,o
43.85,28.14,o
43.85,28.15,o
43.79,28.15,o
43.79,28.13,o
43.85,28.14,o
43.82,28.15,o
43.82,28.13,o
43.82,28.11,o
43.79,28.13,o
43.79,28.14,o
43.79,28.13,o
43.79,28.12,o
43.79,28.13,o
43.72,28.13,o
43.72,28.13,o
43.72,28.12,o
43.72,28.13,o
43.69,28.11,o
43.69,28.11,o
43.69,28.09,o
43.72,28.1,o
43.72,28.11,o
43.65,28.09,o
43.69,28.1,o
43.72,28.11,o
43.72,28.1,o
43.72,28.11,o
43.69,28.11,o
43.69,28.1,o
43.69,28.11,o
43.65,28.1,o
43.65,28.11,o
43.62,28.09,o
43.62,28.1,o
43.59,28.12,o
43.59,28.1,o
43.59,28.11,o
43.59,28.1,o
43.59,28.09,o
46.0,28.14,o
45.7,28.18,o
44.98,28.17,o
44.38,28.15,o
44.12,28.15,o
44.05,28.17,o
43.92,28.16,o
43.85,28.16,o
43.85,28.17,o
43.85,28.16,o
43.82,28.15,o
43.79,28.13,o
43.79,28.13,o
43.85,28.11,o
43.92,28.11,o
43.92,28.09,o
43.95,28.09,o
43.98,28.09,o
43.95,28.09,o
43.92,28.07,o
43.92,28.1,o
43.88,28.1,o
43.85,28.11,o
43.88,28.1,o
43.85,28.08,o
43.85,28.07,o
43.85,28.05,o
43.88,28.04,o
43.92,28.04,o
43.92,28.02,o
43.85,28.02,o
43.85,28.03,o
43.82,28.03,o
43.85,28.03,o
43.79,28.03,o
43.79,28.0,o
43.79,28.01,o
43.79,28.02,o
43.79,28.01,o
43.79,27.99,o
43.79,28.0,o
43.79,27.99,o
43.75,28.01,o
43.75,28.02,o
43.72,28.04,o
43.72,28.03,o
43.65,28.02,o
43.65,28.01,o
43.65,28.01,o
43.65,28.01,o
43.65,27.99,o
43.65,27.99,o
43.62,27.98,o
43.65,27.98,o
43.62,27.97,o
43.59,27.98,o
43.65,27.96,o
43.62,27.95,o
43.65,27.93,o
43.65,27.95,o
43.65,27.94,o
43.65,27.94,o
43.65,27.93,o
43.59,27.93,o
43.52,27.88,o
43.55,27.87,o
43.62,27.85,o
43.69,27.82,o
43.82,27.82,o
43.98,27.81,o
44.08,27.79,o
44.32,27.79,o
44.45,27.78,o
44.55,27.77,o
44.55,27.77,o
44.55,27.77,o
44.58,27.78,o
44.55,27.77,o
44.65,27.76,o
44.68,27.74,o
44.68,27.77,o
44.68,27.79,o
44.78,27.83,o
44.75,27.87,o
44.71,27.89,o
44.75,27.9,o
44.52,27.89,o
44.42,27.88,o
44.35,27.88,o
44.32,27.85,o
44.28,27.87,o
44.25,27.89,o
44.22,27.91,o
44.18,27.92,o
44.22,27.94,o
44.18,27.96,o
44.05,27.95,o
43.98,27.92,o
43.98,27.91,o
43.98,27.91,o
43.95,27.9,o
43.95,27.91,o
43.98,27.91,o
43.95,27.93,o
43.92,27.92,o
43.92,27.91,o
43.92,27.92,o
43.92,27.92,o
43.85,27.93,o
43.85,27.91,o
43.85,27.91,o
43.88,27.92,o
43.82,27.93,o
43.79,27.93,o
43.79,27.92,o
43.72,27.92,o
43.72,27.94,o
43.72,27.94,o
43.69,27.95,o
43.69,27.94,o
43.65,27.92,o
43.65,27.92,o
43.65,27.91,o
43.65,27.91,o
43.65,27.93,o
43.62,27.94,o
43.59,27.92,o
43.59,27.93,o
43.55,27.92,o
43.52,27.93,o
43.55,27.94,o
43.52,27.93,o
43.52,27.92,o
43.52,27.93,o
43.49,27.93,o
43.45,27.92,o
43.45,27.92,o
43.45,27.93,o
43.49,27.94,o
43.45,27.92,o
43.45,27.93,o
43.45,27.93,o
43.45,27.93,o
43.45,27.92,o
43.45,27.92,o
43.49,27.94,o
43.49,27.96,o
43.39,27.97,o
43.45,28.01,o
43.62,28.03,o
43.92,28.05,o
43.98,28.05,o
43.88,28.06,o
43.69,28.06,o
43.59,28.07,o
43.45,28.07,o
43.32,28.08,o
43.22,28.07,o
43.12,28.05,o
43.15,28.03,o
43.19,28.02,o
43.19,28.02,o
43.19,28.02,o
43.25,28.01,o
43.29,28.01,o
43.32,28.01,o
43.29,28.01,o
43.25,27.99,o
43.25,27.98,o
43.25,27.98,o
43.29,27.99,o
43.25,27.97,o
43.25,27.99,o
43.22,27.99,o
43.12,27.98,o
43.12,27.96,o
43.15,27.95,o
43.12,27.95,o
43.15,27.93,o
43.15,27.93,o
43.19,27.93,o
43.19,27.9,o
43.19,27.9,o
43.19,27.91,o
43.19,27.91,o
43.19,27.9,o
43.15,27.89,o
43.19,27.89,o
43.15,27.89,o
43.15,27.9,o
43.12,27.88,o
43.09,27.88,o
43.12,27.89,o
43.05,27.9,o
43.02,27.89,o
43.02,27.89,o
43.02,27.86,o
43.02,27.86,o
43.02,27.87,o
43.05,27.86,o
43.05,27.85,o
43.02,27.86,o
43.05,27.86,o
42.99,27.86,o
42.99,27.85,o
43.02,27.85,o
42.99,27.85,o
42.99,27.85,o
42.95,27.86,o
42.95,27.84,o
42.92,27.85,o
42.92,27.86,o
42.92,27.85,o
42.85,27.85,o
42.89,27.86,o
42.85,27.83,o
42.89,27.83,o
42.89,27.83,o
42.92,27.85,o
42.92,27.84,o
42.92,27.84,o
42.92,27.83,o
42.89,27.84,o
42.89,27.83,o
42.92,27.82,o
42.92,27.8,o
42.92,27.8,o
42.89,27.81,o
42.85,27.79,o
42.85,27.79,o
42.85,27.79,o
42.85,27.8,o
42.82,27.78,o
42.85,27.79,o
42.79,27.82,o
42.75,27.81,o
42.79,27.8,o
42.79,27.81,o
42.79,27.79,o
42.82,27.79,o
42.85,27.79,o
42.79,27.8,o
42.75,27.8,o
42.79,27.8,o
42.75,27.8,o
42.72,27.79,o
42.72,27.79,o
42.72,27.79,o
42.72,27.79,o
42.72,27.77,o
42.72,27.76,o
42.72,27.76,o
42.72,27.75,o
42.72,27.76,o
42.72,27.77,o
42.72,27.76,o
42.69,27.75,o
42.69,27.74,o
42.72,27.76,o
42.72,27.76,o
42.72,27.76,o
42.72,27.76,o
42.72,27.75,o
42.72,27.77,o
42.65,27.77,o
42.65,27.75,o
42.65,27.75,o
42.65,27.75,o
42.62,27.73,o
42.62,27.73,o
42.62,27.74,o
42.65,27.73,o
42.65,27.73,o
42.69,27.74,o
42.62,27.75,o
42.65,27.73,o
42.62,27.74,o
42.62,27.72,o
42.62,27.71,o
42.58,27.71,o
42.58,27.71,o
42.65,27.72,o
42.62,27.72,o
42.58,27.72,o
42.58,27.73,o
42.58,27.71,o
42.55,27.71,o
42.55,27.7,o
42.55,27.71,o
42.55,27.71,o
42.52,27.72,o
42.52,27.7,o
42.52,27.7,o
42.52,27.71,o
42.52,27.69,o
42.58,27.71,o
42.55,27.71,o
42.55,27.7,o
42.52,27.69,o
42.48,27.69,o
42.52,27.69,o
42.52,27.69,o
42.55,27.7,o
42.55,27.7,o
42.52,27.68,o
42.52,27.68,o
42.52,27.68,o
42.52,27.69,o
42.45,27.68,o
42.45,27.71,o
42.45,27.7,o
42.42,27.67,o
42.38,27.68,o
42.42,27.66,o
42.42,27.67,o
42.45,27.68,o
42.45,27.65,o
42.48,27.67,o
42.48,27.68,o
42.52,27.66,o
42.52,27.68,o
42.52,27.68,o
42.45,27.66,o
42.42,27.66,o
42.45,27.64,o
42.45,27.63,o
42.45,27.64,o
42.45,27.61,o
42.45,27.64,o
42.45,27.64,o
42.42,27.64,o
42.45,27.65,o
42.38,27.64,o
42.38,27.66,o
42.38,27.66,o
42.35,27.66,o
42.35,27.65,o
42.38,27.67,o
42.38,27.69,o
42.38,27.68,o
42.32,27.67,o
42.28,27.67,o
42.32,27.67,o
42.28,27.66,o
42.28,27.63,o
42.32,27.64,o
42.35,27.62,o
42.35,27.63,o
42.35,27.65,o
42.32,27.66,o
42.32,27.65,o
42.28,27.63,o
42.25,27.63,o
42.25,27.64,o
42.25,27.63,o
42.25,27.66,o
42.25,27.66,o
42.25,27.65,o
42.25,27.63,o
42.25,27.62,o
42.25,27.61,o
42.32,27.61,o
42.28,27.62,o
42.28,27.63,o
42.25,27.63,o
42.22,27.61,o
42.25,27.61,o
42.25,27.62,o
42.25,27.61,o
42.25,27.61,o
42.22,27.61,o
42.25,27.63,o
42.18,27.62,o
42.25,27.61,o
42.25,27.6,o
42.25,27.59,o
42.32,27.6,o
42.25,27.6,o
42.25,27.62,o
42.25,27.62,o
42.22,27.6,o
42.25,27.6,o
42.18,27.61,o
42.18,27.61,o
42.18,27.61,o
42.15,27.61,o
42.22,27.6,o
42.15,27.59,o
42.12,27.59,o
42.15,27.58,o
42.15,27.59,o
42.12,27.59,o
42.12,27.59,o
42.15,27.59,o
42.15,27.6,o
42.12,27.59,o
42.15,27.58,o
42.15,27.57,o
42.18,27.57,o
42.18,27.57,o
42.15,27.57,o
42.15,27.56,o
42.18,27.55,o
42.15,27.56,o
42.18,27.57,o
42.12,27.55,o
42.15,27.57,o
42.12,27.56,o
42.15,27.56,o
42.12,27.55,o
42.12,27.54,o
42.12,27.55,o
42.12,27.53,o
42.12,27.53,o
42.12,27.52,o
42.12,27.53,o
42.12,27.53,o
42.12,27.54,o
42.12,27.55,o
42.15,27.53,o
42.15,27.55,o
42.12,27.54,o
42.12,27.54,o
42.05,27.53,o
41.98,27.52,o
41.98,27.51,o
41.91,27.49,o
41.88,27.47,o
41.98,27.45,o
42.28,27.43,o
42.38,27.42,o
42.48,27.39,o
42.58,27.4,o
42.58,27.39,o
42.65,27.38,o
42.69,27.35,o
42.69,27.33,o
42.75,27.3,o
42.79,27.29,o
42.85,27.27,o
42.99,27.26,o
43.02,27.24,o
43.02,27.23,o
43.02,27.23,o
43.05,27.18,o
43.05,27.15,o
43.12,27.13,o
43.19,27.1,o
43.29,27.09,o
43.35,27.07,o
43.35,27.07,o
43.39,27.08,o
43.35,27.07,o
43.35,27.06,o
43.39,27.06,o
43.35,27.06,o
43.32,27.05,o
43.32,27.05,o
43.35,27.05,o
43.32,27.05,o
43.32,27.03,o
43.32,27.03,o
43.25,27.01,o
43.25,27.0,o
43.32,26.97,o
43.32,26.96,o
43.39,26.96,o
43.42,26.94,o
43.39,26.94,o
43.39,26.94,o
43.45,26.94,o
43.42,26.94,o
43.45,26.93,o
43.45,26.91,o
43.52,26.91,o
43.52,26.91,o
43.45,26.91,o
43.45,26.91,o
43.45,26.91,o
43.42,26.92,o
43.45,26.95,o
43.39,26.96,o
43.32,26.98,o
43.32,26.99,o
43.29,27.01,o
43.29,27.01,o
43.25,27.03,o
43.22,27.05,o
43.19,27.07,o
43.19,27.08,o
43.09,27.09,o
43.05,27.08,o
43.02,27.08,o
43.02,27.09,o
42.99,27.11,o
42.99,27.13,o
42.92,27.13,o
42.92,27.15,o
42.85,27.17,o
42.82,27.17,o
42.79,27.15,o
42.79,27.16,o
42.75,27.15,o
42.79,27.16,o
42.79,27.17,o
42.79,27.17,o
42.75,27.17,o
42.79,27.19,o
42.72,27.18,o
42.65,27.19,o
42.62,27.19,o
42.58,27.19,o
42.58,27.19,o
42.55,27.18,o
42.58,27.18,o
42.55,27.19,o
42.58,27.21,o
42.55,27.2,o
42.55,27.19,o
42.55,27.21,o
42.55,27.2,o
42.58,27.2,o
42.58,27.22,o
42.55,27.23,o
42.52,27.23,o
42.48,27.22,o
42.48,27.25,o
42.45,27.26,o
42.38,27.26,o
42.38,27.25,o
42.38,27.24,o
42.35,27.26,o
42.32,27.25,o
42.32,27.24,o
42.32,27.25,o
42.32,27.27,o
42.35,27.25,o
42.42,27.24,o
42.52,27.25,o
42.58,27.24,o
42.65,27.26,o
42.69,27.26,o
42.75,27.27,o
42.82,27.29,o
42.89,27.3,o
42.92,27.31,o
43.02,27.32,o
43.05,27.34,o
43.05,27.35,o
43.02,27.36,o
42.99,27.38,o
42.89,27.39,o
42.85,27.41,o
42.82,27.42,o
42.82,27.43,o
42.85,27.45,o
42.85,27.45,o
42.92,27.48,o
42.92,27.49,o
42.92,27.49,o
42.92,27.51,o
42.92,27.51,o
42.92,27.52,o
42.92,27.53,o
42.92,27.54,o
42.92,27.54,o
42.92,27.55,o
42.95,27.56,o
42.99,27.56,o
42.99,27.58,o
42.95,27.59,o
42.95,27.59,o
42.92,27.6,o
42.89,27.61,o
42.89,27.61,o
42.92,27.62,o
42.92,27.62,o
42.92,27.63,o
42.92,27.65,o
42.92,27.64,o
42.92,27.65,o
42.92,27.65,o
42.92,27.65,o
42.89,27.66,o
42.92,27.67,o
42.89,27.68,o
42.89,27.69,o
42.85,27.67,o
42.85,27.69,o
42.85,27.69,o
42.85,27.69,o
42.85,27.7,o
42.85,27.7,o
42.82,27.71,o
42.82,27.71,o
42.79,27.71,o
42.82,27.73,o
42.79,27.73,o
42.79,27.73,o
42.79,27.73,o
42.79,27.74,o
42.75,27.75,o
42.72,27.76,o
42.69,27.77,o
42.65,27.77,o
42.65,27.77,o
42.79,27.77,o
42.79,27.77,o
42.85,27.79,o
42.85,27.78,o
42.92,27.78,o
42.95,27.77,o
42.95,27.78,o
42.99,27.78,o
42.99,27.78,o
43.02,27.78,o
43.02,27.77,o
42.99,27.77,o
42.92,27.75,o
42.82,27.75,o
42.75,27.73,o
42.75,27.73,o
42.75,27.74,o
42.79,27.75,o
42.82,27.75,o
42.85,27.76,o
42.85,27.77,o
42.85,27.76,o
42.85,27.77,o
42.85,27.77,o
42.82,27.78,o
42.85,27.78,o
42.85,27.78,o
42.79,27.79,o
42.79,27.79,o
42.79,27.79,o
42.79,27.79,o
42.75,27.79,o
42.79,27.79,o
42.75,27.78,o
42.79,27.79,o
42.79,27.79,o
42.79,27.78,o
42.79,27.77,o
42.85,27.77,o
42.85,27.78,o
42.85,27.77,o
42.89,27.77,o
42.89,27.77,o
42.85,27.77,o
42.85,27.77,o
42.89,27.78,o
42.92,27.77,o
42.95,27.77,o
42.92,27.76,o
42.89,27.76,o
42.85,27.75,o
42.89,27.74,o
42.92,27.76,o
42.99,27.75,o
42.99,27.76,o
43.02,27.77,o
43.05,27.77,o
43.09,27.77,o
43.09,27.77,o
43.12,27.79,o
43.12,27.79,o
43.15,27.8,o
43.25,27.81,o
43.52,27.79,o
43.69,27.81,o
43.72,27.79,o
43.69,27.79,o
43.72,27.81,o
43.72,27.8,o
43.69,27.81,o
43.72,27.81,o
43.79,27.82,o
43.75,27.81,o
43.79,27.81,o
43.79,27.8,o
43.79,27.81,o
43.79,27.81,o
43.75,27.82,o
43.72,27.81,o
43.65,27.82,o
43.65,27.82,o
43.65,27.81,o
43.62,27.82,o
43.59,27.81,o
43.52,27.82,o
43.52,27.82,o
43.52,27.83,o
43.52,27.83,o
43.52,27.83,o
43.52,27.83,o
43.52,27.83,o
43.45,27.81,o
43.42,27.81,o
43.39,27.82,o
43.39,27.82,o
43.39,27.82,o
43.42,27.82,o
43.42,27.81,o
43.45,27.83,o
43.45,27.83,o
43.45,27.83,o
43.45,27.83,o
43.39,27.82,o
43.39,27.83,o
43.39,27.83,o
43.39,27.83,o
43.39,27.83,o
43.35,27.83,o
43.39,27.83,o
43.39,27.82,o
43.35,27.82,o
43.32,27.79,o
43.32,27.77,o
43.35,27.77,o
43.42,27.75,o
43.42,27.75,o
43.45,27.75,o
43.52,27.74,o
43.52,27.75,o
43.55,27.73,o
43.59,27.71,o
43.59,27.73,o
43.59,27.71,o
43.59,27.69,o
43.52,27.68,o
43.52,27.67,o
43.49,27.67,o
43.45,27.66,o
43.42,27.64,o
43.39,27.63,o
43.39,27.6,o
43.39,27.6,o
43.35,27.6,o
43.32,27.6,o
43.32,27.59,o
43.29,27.56,o
43.32,27.57,o
43.29,27.56,o
43.29,27.55,o
43.25,27.54,o
43.25,27.55,o
43.25,27.55,o
43.19,27.53,o
43.19,27.53,o
43.15,27.52,o
43.15,27.52,o
43.15,27.51,o
43.12,27.5,o
43.12,27.49,o
43.12,27.48,o
43.12,27.48,o
43.09,27.48,o
43.05,27.48,o
43.02,27.49,o
43.05,27.48,o
42.99,27.47,o
43.05,27.45,o
43.02,27.44,o
43.05,27.44,o
43.05,27.44,o
43.05,27.45,o
43.05,27.46,o
42.99,27.46,o
42.95,27.46,o
42.95,27.44,o
42.95,27.44,o
42.95,27.43,o
43.02,27.43,o
43.12,27.42,o
43.19,27.43,o
43.25,27.44,o
43.25,27.45,o
43.32,27.45,o
43.39,27.47,o
43.49,27.47,o
43.49,27.47,o
43.52,27.48,o
43.52,27.49,o
43.52,27.5,o
43.52,27.52,o
43.45,27.53,o
43.39,27.55,o
43.35,27.55,o
43.35,27.57,o
43.39,27.58,o
43.42,27.57,o
43.42,27.58,o
43.42,27.59,o
43.45,27.6,o
43.45,27.59,o
43.52,27.61,o
43.52,27.62,o
43.52,27.63,o
43.52,27.63,o
43.52,27.63,o
43.52,27.65,o
43.52,27.66,o
43.52,27.65,o
43.52,27.66,o
43.52,27.66,o
43.52,27.66,o
43.55,27.68,o
43.52,27.68,o
43.55,27.67,o
43.52,27.68,o
43.52,27.69,o
43.49,27.68,o
43.52,27.69,o
43.49,27.69,o
43.49,27.7,o
43.49,27.7,o
43.45,27.71,o
43.45,27.72,o
43.45,27.72,o
43.45,27.73,o
43.45,27.72,o
43.39,27.72,o
43.39,27.73,o
43.39,27.73,o
43.39,27.74,o
43.42,27.73,o
43.42,27.74,o
43.42,27.73,o
43.39,27.75,o
43.39,27.74,o
43.39,27.75,o
43.39,27.75,o
43.39,27.76,o
43.39,27.76,o
43.35,27.76,o
43.39,27.76,o
43.39,27.77,o
43.39,27.75,o
43.39,27.77,o
43.39,27.77,o
43.35,27.77,o
43.39,27.78,o
43.35,27.77,o
43.35,27.77,o
43.35,27.77,o
43.35,27.78,o
43.35,27.78,o
43.32,27.78,o
43.32,27.79,o
43.35,27.79,o
43.35,27.78,o
43.32,27.8,o
43.32,27.79,o
43.32,27.79,o
43.32,27.79,o
43.32,27.79,o
43.32,27.79,o
43.32,27.79,o
43.32,27.8,o
43.32,27.81,o
43.32,27.8,o
43.32,27.8,o
43.32,27.8,o
43.32,27.81,o
43.32,27.81,o
43.32,27.81,o
43.32,27.81,o
43.32,27.81,o
43.32,27.81,o
43.29,27.81,o
43.29,27.81,o
43.29,27.81,o
43.29,27.81,o
43.29,27.81,o
43.29,27.82,o
43.29,27.82,o
43.25,27.83,o
43.29,27.82,o
43.32,27.82,o
43.32,27.83,o
43.32,27.82,o
43.32,27.81,o
43.25,27.83,o
43.29,27.81,o
43.29,27.83,o
43.29,27.82,o
43.29,27.82,o
43.25,27.82,o
43.25,27.83,o
43.25,27.83,o
43.29,27.83,o
43.29,27.83,o
43.29,27.83,o
43.29,27.84,o
43.29,27.83,o
43.25,27.84,o
43.25,27.84,o
43.25,27.83,o
43.29,27.83,o
43.35,27.83,o
43.45,27.83,o
43.49,27.83,o
43.49,27.82,o
43.45,27.82,o
43.45,27.81,o
43.42,27.81,o
43.45,27.82,o
43.49,27.82,o
43.69,27.82,o
43.79,27.83,o
43.85,27.83,o
43.92,27.83,o
43.95,27.83,o
43.98,27.84,o
44.02,27.83,o
44.05,27.82,o
43.92,27.83,o
43.82,27.82,o
43.79,27.81,o
43.75,27.81,o
43.82,27.82,o
43.85,27.83,o
43.88,27.83,o
44.05,27.83,o
44.12,27.83,o
44.15,27.83,o
44.18,27.83,o
44.25,27.83,o
44.32,27.83,o
44.35,27.83,o
44.38,27.83,o
44.38,27.83,o
44.38,27.83,o
44.38,27.82,o
44.38,27.82,o
44.38,27.82,o
44.42,27.83,o
44.45,27.84,o
44.48,27.82,o
44.55,27.82,o
44.55,27.83,o
44.55,27.83,o
44.58,27.83,o
44.52,27.83,o
44.52,27.83,o
44.55,27.83,o
44.58,27.81,o
44.58,27.81,o
44.61,27.81,o
44.58,27.82,o
44.61,27.81,o
44.61,27.82,o
44.65,27.81,o
44.65,27.81,o
44.65,27.81,o
44.65,27.8,o
44.65,27.8,o
44.65,27.81,o
44.68,27.81,o
44.68,27.81,o
44.65,27.8,o
44.65,27.8,o
44.61,27.8,o
44.55,27.8,o
44.52,27.8,o
44.58,27.8,o
44.58,27.8,o
44.52,27.8,o
44.55,27.8,o
44.65,27.79,o
44.61,27.78,o
44.61,27.79,o
44.55,27.78,o
44.52,27.77,o
44.52,27.76,o
44.48,27.76,o
44.45,27.76,o
44.45,27.77,o
44.48,27.77,o
44.45,27.78,o
44.45,27.79,o
44.48,27.81,o
44.45,27.81,o
44.42,27.81,o
44.42,27.81,o
44.38,27.8,o
44.35,27.79,o
44.32,27.77,o
44.38,27.74,o
44.52,27.73,o
44.65,27.72,o
44.71,27.73,o
44.85,27.73,o
44.78,27.74,o
44.71,27.73,o
45.18,27.75,o
46.26,27.84,o
49.26,27.98,o
53.06,28.11,o
51.12,28.27,o
49.48,28.4,o
74.17,36.39,n
82.61,41.45,n
82.79,45.53,n
75.74,49.9,o
66.97,54.08,o
47.28,56.56,o
49.42,51.55,o
56.32,47.09,o
65.57,43.24,o
76.45,40.45,n
82.97,38.4,n
83.97,36.77,n
85.14,35.43,n
85.77,34.35,n
86.68,33.83,n
88.34,33.35,n
88.61,32.6,n
88.04,31.6,n
88.26,30.9,n
88.41,30.18,n
88.8,29.66,n
89.39,29.25,n
90.12,29.0,n
90.55,28.7,n
90.99,28.49,n
91.4,28.29,n
91.61,28.11,n
91.61,27.91,n
91.32,27.75,n
90.17,27.55,n
89.34,27.44,n
88.49,27.33,n
85.9,27.18,n
83.25,27.17,n
83.74,27.21,n
85.19,27.17,n
84.84,27.12,n
82.27,27.04,n
79.59,26.99,n
75.71,26.81,n
71.21,26.76,n
71.97,26.72,n
72.31,26.69,n
72.17,26.62,n
73.23,26.63,n
72.42,26.59,n
70.87,26.53,n
67.49,26.43,n
65.86,26.37,n
65.65,26.38,n
66.06,26.37,n
66.44,26.37,n
65.8,26.33,n
64.74,26.29,n
62.66,26.27,o
62.69,26.32,o
62.09,26.34,o
60.47,26.34,o
59.61,26.37,o
60.92,26.37,o
59.98,26.34,o
59.07,26.35,o
58.94,26.35,o
59.19,26.39,o
58.3,26.41,o
58.55,26.43,o
58.61,26.43,o
57.47,26.43,o
57.22,26.44,o
56.63,26.44,o
56.67,26.45,o
55.79,26.47,o
57.31,26.51,o
58.24,26.53,o
55.2,26.52,o
54.89,26.52,o
55.89,26.53,o
56.2,26.55,o
54.01,26.54,o
54.89,26.56,o
55.2,26.6,o
53.41,26.62,o
55.14,26.66,o
54.73,26.68,o
53.54,26.72,o
52.46,26.73,o
52.56,26.78,o
52.87,26.8,o
52.62,26.83,o
51.67,26.87,o
51.22,26.89,o
51.54,26.93,o
53.19,26.97,o
52.62,27.01,o
51.57,27.02,o
50.8,27.05,o
50.51,27.07,o
50.26,27.1,o
50.35,27.13,o
51.92,27.16,o
52.65,27.19,o
52.43,27.2,o
51.35,27.22,o
51.47,27.25,o
51.47,27.27,o
50.96,27.31,o
50.93,27.33,o
50.39,27.37,o
50.13,27.39,o
49.74,27.42,o
49.16,27.43,o
48.48,27.45,o
48.06,27.47,o
47.77,27.5,o
47.54,27.52,o
47.41,27.55,o
47.31,27.57,o
47.18,27.58,o
47.05,27.6,o
47.02,27.62,o
46.95,27.64,o
46.95,27.65,o
46.89,27.67,o
46.82,27.67,o
46.75,27.68,o
46.69,27.71,o
46.62,27.72,o
46.59,27.73,o
46.56,27.73,o
46.49,27.75,o
46.46,27.75,o
46.43,27.75,o
46.39,27.77,o
46.36,27.79,o
46.33,27.78,o
46.3,27.79,o
46.26,27.8,o
46.23,27.82,o
46.16,27.82,o
46.16,27.83,o
46.1,27.82,o
46.1,27.84,o
46.07,27.84,o
46.03,27.85,o
46.03,27.85,o
46.0,27.87,o
45.97,27.87,o
45.9,27.88,o
45.9,27.88,o
45.87,27.89,o
45.87,27.9,o
45.84,27.9,o
45.84,27.9,o
45.77,27.9,o
45.77,27.89,o
45.77,27.89,o
45.77,27.91,o
45.77,27.91,o
45.74,27.91,o
45.7,27.9,o
45.7,27.92,o
45.7,27.9,o
45.7,27.92,o
45.64,27.93,o
45.64,27.93,o
45.6,27.92,o
45.6,27.92,o
45.6,27.93,o
45.57,27.94,o
45.57,27.93,o
45.57,27.94,o
45.57,27.94,o
45.54,27.94,o
45.54,27.94,o
45.51,27.94,o
45.51,27.95,o
45.47,27.95,o
45.47,27.95,o
45.51,27.96,o
45.44,27.95,o
45.44,27.96,o
45.44,27.95,o
45.44,27.96,o
45.44,27.96,o
45.41,27.96,o
45.41,27.97,o
45.37,27.97,o
45.44,27.97,o
45.41,27.96,o
45.37,27.97,o
45.37,27.96,o
45.37,27.97,o
45.37,27.98,o
45.37,27.96,o
45.34,27.97,o
45.31,27.98,o
45.31,27.98,o
45.31,27.98,o
45.31,27.97,o
45.28,27.98,o
45.31,27.98,o
45.24,27.99,o
45.28,27.98,o
45.28,27.99,o
45.24,27.99,o
45.24,27.99,o
45.28,27.98,o
45.28,28.0,o
45.24,27.99,o
45.24,27.98,o
45.24,27.99,o
45.24,27.99,o
45.24,27.99,o
45.24,27.99,o
45.21,27.99,o
45.21,27.99,o
45.21,27.99,o
45.21,27.99,o
45.21,27.99,o
45.21,27.99,o
45.18,27.99,o
45.18,27.99,o
45.18,27.99,o
45.18,28.0,o
45.18,27.99,o
45.18,27.98,o
45.18,28.0,o
45.18,27.99,o
45.18,28.0,o
45.14,27.99,o
45.14,27.99,o
45.14,27.99,o
45.11,28.0,o
45.11,28.01,o
45.11,28.0,o
45.11,27.99,o
45.11,28.0,o
45.11,28.0,o
45.11,28.0,o
45.11,28.0,o
45.11,28.01,o
45.11,28.01,o
45.11,28.01,o
45.11,28.01,o
45.08,28.0,o
45.11,28.01,o
45.08,28.01,o
45.08,28.01,o
45.08,28.01,o
45.08,28.01,o
45.08,28.01,o
45.04,28.0,o
45.04,28.0,o
45.04,27.99,o
45.04,28.0,o
45.04,28.0,o
45.04,28.0,o
45.04,27.99,o
45.04,28.0,o
45.04,28.0,o
45.04,28.0,o
45.04,28.0,o
45.04,28.01,o
45.04,28.0,o
45.04,28.01,o
45.04,28.0,o
45.04,28.01,o
45.01,28.01,o
45.04,28.01,o
45.01,28.01,o
44.98,28.01,o
45.01,28.01,o
45.01,28.01,o
45.01,28.01,o
45.01,28.0,o
44.98,28.01,o
44.98,28.01,o
44.98,28.01,o
44.98,28.01,o
44.98,28.01,o
44.98,28.0,o
44.98,28.01,o
44.98,28.02,o
44.98,28.01,o
44.95,28.01,o
44.98,28.01,o
44.98,28.01,o
44.98,28.01,o
44.98,28.01,o
44.98,28.01,o
44.98,28.01,o
44.98,28.0,o
44.98,28.0,o
44.98,28.0,o
44.98,28.01,o
44.98,28.01,o
44.98,28.01,o
44.98,28.0,o
44.98,28.01,o
44.98,28.02,o
44.98,28.01,o
44.95,28.01,o
44.98,28.01,o
44.95,28.02,o
44.98,28.01,o
44.95,28.01,o
44.95,28.0,o
44.95,28.0,o
44.95,28.01,o
44.95,28.0,o
44.98,28.0,o
44.95,28.01,o
44.95,28.0,o
44.95,28.0,o
44.95,28.0,o
44.95,28.01,o
44.95,28.0,o
44.95,28.01,o
44.95,28.01,o
44.95,28.01,o
44.95,28.01,o
44.95,28.01,o
44.95,28.01,o
44.95,28.0,o
44.95,28.01,o
44.95,28.0,o
44.95,28.01,o
44.95,28.0,o
44.95,28.0,o
44.95,28.01,o
44.95,28.01,o
44.91,28.01,o
44.95,28.01,o
44.91,28.01,o
44.91,28.01,o
44.91,28.01,o
44.91,28.01,o
44.95,28.01,o
44.91,28.01,o
44.91,28.01,o
44.91,28.01,o
44.91,28.02,o
44.91,28.01,o
44.91,28.01,o
44.91,28.0,o
44.91,28.01,o
44.91,28.01,o
44.88,28.01,o
44.91,28.02,o
44.91,28.01,o
44.91,28.01,o
44.91,28.0,o
44.91,28.01,o
44.91,28.01,o
44.91,28.01,o
44.91,28.01,o
44.91,28.01,o
44.91,28.01,o
44.91,27.99,o
44.91,28.0,o
44.88,28.01,o
44.88,28.01,o
44.85,28.01,o
44.91,28.01,o
44.91,28.0,o
44.91,28.01,o
44.88,28.0,o
44.88,28.01,o
44.88,28.01,o
44.88,28.01,o
44.88,28.0,o
44.88,28.01,o
44.91,28.0,o
44.91,28.0,o
44.91,28.01,o
44.91,28.0,o
44.88,28.02,o
44.91,28.0,o
44.91,28.0,o
44.91,28.01,o
44.88,28.01,o
44.88,28.0,o
44.91,28.01,o
44.88,28.0,o
44.88,28.01,o
44.91,28.01,o
44.88,28.01,o
44.91,28.01,o
44.88,28.01,o
44.88,28.0,o
44.91,28.0,o
44.88,28.02,o
44.88,28.01,o
44.88,28.01,o
44.91,28.01,o
44.88,28.01,o
44.88,28.01,o
44.88,28.01,o
44.88,28.0,o
44.85,28.0,o
44.88,28.02,o
44.91,28.01,o
44.91,28.01,o
44.88,28.0,o
44.88,28.01,o
44.88,28.01,o
44.88,28.0,o
44.88,28.01,o
44.85,28.01,o
44.88,28.0,o
44.88,28.0,o
44.88,28.01,o
44.88,28.01,o
44.88,28.01,o
44.88,28.01,o
44.88,28.01,o
44.88,28.01,o
44.85,28.01,o
44.85,28.0,o
44.85,28.01,o
44.85,28.01,o
44.85,28.01,o
44.85,28.01,o
44.85,28.01,o
44.85,28.01,o
44.85,28.01,o
44.85,28.01,o
44.85,28.01,o
44.85,28.01,o
44.85,28.0,o
44.85,28.01,o
44.85,28.0,o
44.85,28.01,o
44.85,28.01,o
44.85,28.0,o
44.85,27.99,o
44.85,28.0,o
44.88,28.01,o
44.88,28.0,o
44.85,27.99,o
44.85,28.0,o
44.85,28.0,o
44.85,28.01,o
44.85,28.01,o
44.85,28.01,o
44.85,28.0,o
44.85,28.0,o
44.85,28.0,o
44.85,28.01,o
44.85,28.01,o
44.85,28.01,o
44.85,28.01,o
44.85,28.01,o
44.85,28.0,o
44.85,28.01,o
44.85,28.01,o
44.85,28.02,o
44.85,28.01,o
44.85,28.01,o
44.85,28.01,o
44.85,28.01,o
44.85,28.01,o
44.85,28.01,o
44.85,28.01,o
44.85,28.0,o
44.81,28.01,o
44.85,28.0,o
44.81,28.0,o
44.85,28.01,o
44.85,28.01,o
44.85,28.01,o
44.85,28.0,o
44.85,28.01,o
44.81,28.01,o
44.85,28.02,o
44.81,28.0,o
44.81,28.01,o
44.81,28.01,o
44.81,28.01,o
44.85,28.0,o
44.85,28.01,o
44.85,28.01,o
44.85,28.01,o
44.81,28.01,o
44.85,27.99,o
44.85,28.0,o
44.85,28.0,o
44.81,28.0,o
44.85,28.02,o
44.85,28.01,o
44.81,28.02,o
44.81,28.02,o
44.81,28.01,o
44.78,28.02,o
44.78,28.02,o
44.78,28.02,o
44.78,28.02,o
44.78,28.02,o
44.78,28.02,o
44.78,28.03,o
44.78,28.03,o
44.78,28.02,o
44.78,28.02,o
44.78,28.02,o
44.78,28.02,o
44.78,28.03,o
44.78,28.04,o
44.78,28.03,o
44.75,28.04,o
44.75,28.03,o
44.71,28.03,o
44.75,28.03,o
44.78,28.03,o
44.75,28.03,o
44.78,28.03,o
44.75,28.03,o
44.78,28.03,o
44.78,28.03,o
44.75,28.03,o
44.78,28.03,o
44.78,28.03,o
44.75,28.03,o
44.75,28.04,o
44.75,28.03,o
44.75,28.03,o
44.75,28.05,o
44.71,28.03,o
44.71,28.04,o
44.71,28.03,o
44.71,28.03,o
44.71,28.03,o
44.71,28.04,o
44.71,28.04,o
44.71,28.03,o
44.71,28.03,o
44.71,28.04,o
44.71,28.04,o
44.71,28.03,o
44.71,28.04,o
44.71,28.04,o
44.71,28.04,o
44.75,28.03,o
44.71,28.03,o
44.71,28.04,o
44.71,28.05,o
44.71,28.03,o
44.71,28.04,o
44.75,28.04,o
44.75,28.04,o
44.71,28.03,o
44.71,28.03,o
44.71,28.04,o
44.71,28.03,o
44.71,28.05,o
44.75,28.03,o
44.71,28.03,o
44.71,28.04,o
44.71,28.03,o
44.75,28.03,o
44.75,28.02,o
44.75,28.03,o
44.75,28.03,o
44.75,28.03,o
44.71,28.03,o
44.71,28.04,o
44.71,28.02,o
44.71,28.03,o
44.71,28.03,o
44.71,28.02,o
44.71,28.03,o
44.71,28.03,o
44.71,28.04,o
44.71,28.03,o
44.71,28.04,o
44.71,28.04,o
44.71,28.02,o
44.71,28.03,o
44.71,28.04,o
44.71,28.04,o
44.71,28.04,o
44.71,28.03,o
44.71,28.03,o
44.71,28.03,o
44.71,28.03,o
44.71,28.04,o
44.71,28.03,o
44.71,28.04,o
44.71,28.04,o
44.71,28.05,o
44.71,28.03,o
44.71,28.04,o
44.71,28.04,o
44.71,28.04,o
44.71,28.02,o
44.71,28.03,o
44.71,28.03,o
44.71,28.03,o
44.71,28.04,o
44.71,28.03,o
44.71,28.03,o
44.71,28.04,o
44.71,28.03,o
44.71,28.03,o
44.71,28.04,o
44.71,28.04,o
44.71,28.03,o
44.71,28.04,o
44.71,28.05,o
44.71,28.03,o
44.71,28.04,o
44.68,28.04,o
44.68,28.04,o
44.71,28.04,o
44.68,28.03,o
44.71,28.04,o
44.71,28.04,o
44.68,28.04,o
44.71,28.03,o
44.68,28.02,o
44.68,28.02,o
44.68,28.03,o
44.68,28.03,o
44.65,28.02,o
44.68,28.02,o
44.68,28.03,o
44.68,28.03,o
44.68,28.03,o
44.71,28.03,o
44.71,28.03,o
44.68,28.04,o
44.71,28.03,o
44.68,28.03,o
44.71,28.03,o
44.68,28.03,o
44.68,28.03,o
44.68,28.04,o
44.68,28.03,o
44.68,28.03,o
44.65,28.03,o
44.68,28.02,o
44.65,28.04,o
44.65,28.03,o
44.65,28.03,o
44.68,28.02,o
44.68,28.03,o
44.68,28.03,o
44.68,28.03,o
44.65,28.02,o
44.65,28.03,o
44.65,28.03,o
44.65,28.03,o
44.68,28.03,o
44.68,28.04,o
44.68,28.03,o
44.65,28.02,o
44.68,28.03,o
44.68,28.02,o
44.68,28.03,o
44.68,28.03,o
44.68,28.03,o
44.68,28.03,o
44.65,28.02,o
44.65,28.02,o
44.68,28.03,o
44.65,28.03,o
44.68,28.03,o
44.65,28.03,o
44.68,28.03,o
44.68,28.04,o
44.71,28.03,o
44.68,28.04,o
44.68,28.03,o
44.68,28.03,o
44.65,28.02,o
44.65,28.04,o
44.65,28.03,o
44.65,28.04,o
44.65,28.02,o
44.61,28.03,o
44.61,28.02,o
44.65,28.02,o
44.65,28.03,o
44.65,28.03,o
44.65,28.03,o
44.65,28.03,o
44.65,28.03,o
44.65,28.04,o
44.65,28.03,o
44.65,28.04,o
44.68,28.03,o
44.65,28.03,o
44.65,28.02,o
44.68,28.03,o
44.68,28.03,o
44.68,28.03,o
44.65,28.03,o
44.65,28.02,o
44.65,28.03,o
44.65,28.03,o
44.65,28.01,o
44.65,28.02,o
44.65,28.02,o
44.65,28.03,o
44.65,28.02,o
44.65,28.02,o
44.65,28.02,o
44.61,28.02,o
44.65,28.03,o
44.65,28.03,o
44.65,28.02,o
44.65,28.03,o
44.65,28.03,o
44.65,28.03,o
44.65,28.02,o
44.65,28.01,o
44.65,28.02,o
44.61,28.02,o
44.61,28.02,o
44.65,28.02,o
44.65,28.02,o
44.65,28.03,o
44.65,28.02,o
44.65,28.02,o
44.65,28.03,o
44.65,28.03,o
44.61,28.02,o
44.65,28.03,o
44.61,28.02,o
44.65,28.02,o
44.65,28.02,o
44.65,28.03,o
44.65,28.01,o
44.65,28.01,o
44.65,28.02,o
44.65,28.02,o
44.65,28.02,o
44.65,28.02,o
44.65,28.03,o
44.65,28.03,o
44.65,28.03,o
44.65,28.03,o
44.65,28.02,o
44.65,28.03,o
44.65,28.03,o
44.65,28.02,o
44.65,28.03,o
44.65,28.03,o
44.65,28.02,o
44.65,28.03,o
44.65,28.02,o
44.65,28.03,o
44.65,28.01,o
44.65,28.03,o
44.65,28.02,o
44.65,28.03,o
44.65,28.02,o
44.61,28.03,o
44.61,28.02,o
44.65,28.02,o
44.65,28.02,o
44.65,28.02,o
44.61,28.01,o
44.65,28.02,o
44.61,28.03,o
44.65,28.02,o
44.61,28.03,o
44.61,28.02,o
44.61,28.02,o
44.61,28.02,o
44.61,28.03,o
44.61,28.03,o
44.58,28.03,o
44.58,28.04,o
44.65,28.03,o
44.61,28.02,o
44.61,28.03,o
44.61,28.03,o
44.61,28.02,o
44.58,28.03,o
44.61,28.02,o
44.58,28.02,o
44.58,28.02,o
44.61,28.01,o
44.58,28.01,o
44.58,28.02,o
44.58,28.04,o
44.58,28.02,o
44.58,28.03,o
44.58,28.03,o
44.58,28.04,o
44.61,28.03,o
44.61,28.03,o
44.61,28.03,o
44.58,28.03,o
44.61,28.02,o
44.61,28.02,o
44.61,28.02,o
44.61,28.04,o
44.61,28.03,o
44.61,28.03,o
44.61,28.03,o
44.58,28.02,o
44.61,28.04,o
44.58,28.02,o
44.58,28.03,o
44.58,28.02,o
44.58,28.03,o
44.58,28.02,o
44.58,28.02,o
44.55,28.03,o
44.55,28.02,o
44.55,28.02,o
44.58,28.02,o
44.58,28.02,o
44.58,28.01,o
44.61,28.02,o
44.58,28.02,o
44.58,28.02,o
44.61,28.03,o
44.61,28.01,o
44.58,28.02,o
44.61,28.01,o
44.61,28.01,o
44.61,28.02,o
44.61,28.03,o
44.58,28.01,o
44.58,28.02,o
44.61,28.02,o
44.61,28.01,o
44.58,28.0,o
44.61,28.02,o
44.58,28.0,o
44.61,28.0,o
44.58,28.01,o
44.58,28.0,o
44.58,28.0,o
44.58,28.0,o
44.58,28.01,o
44.58,28.01,o
44.58,27.99,o
44.58,28.0,o
44.58,28.01,o
44.58,28.0,o
44.58,28.01,o
44.65,28.0,o
44.61,28.0,o
44.61,28.0,o
44.58,28.0,o
44.65,28.0,o
44.61,27.99,o
44.61,28.0,o
44.65,28.01,o
44.61,28.0,o
44.61,27.99,o
44.61,28.01,o
44.61,27.99,o
44.65,27.99,o
44.65,28.0,o
44.61,28.0,o
44.58,27.99,o
44.61,27.99,o
44.61,28.0,o
44.65,28.0,o
44.61,28.0,o
44.61,28.0,o
44.61,27.99,o
44.61,27.99,o
44.61,28.0,o
44.61,27.99,o
44.61,27.99,o
44.58,27.99,o
44.61,27.99,o
44.61,27.98,o
44.61,27.99,o
44.58,27.99,o
44.58,27.99,o
44.58,27.98,o
44.58,27.99,o
44.58,27.98,o
44.61,27.99,o
44.65,27.99,o
44.61,27.98,o
44.58,27.97,o
44.58,27.96,o
44.61,27.94,o
44.65,27.94,o
44.68,27.93,o
44.68,27.93,o
44.68,27.92,o
44.65,27.91,o
44.65,27.91,o
44.58,27.91,o
44.52,27.9,o
44.48,27.91,o
44.45,27.9,o
44.32,27.91,o
44.25,27.9,o
44.22,27.88,o
44.18,27.87,o
44.15,27.86,o
44.15,27.86,o
44.12,27.85,o
44.12,27.83,o
44.12,27.82,o
44.15,27.83,o
44.12,27.82,o
44.12,27.83,o
44.08,27.83,o
44.08,27.83,o
44.05,27.82,o
44.02,27.8,o
44.05,27.82,o
43.98,27.81,o
43.98,27.81,o
43.98,27.79,o
43.92,27.79,o
43.85,27.78,o
43.79,27.77,o
43.75,27.77,o
43.75,27.76,o
43.79,27.76,o
43.85,27.77,o
43.88,27.76,o
43.85,27.75,o
43.85,27.75,o
43.85,27.74,o
43.85,27.73,o
43.85,27.73,o
43.88,27.71,o
43.85,27.72,o
43.82,27.72,o
43.79,27.69,o
43.82,27.68,o
43.92,27.69,o
43.85,27.69,o
43.85,27.68,o
43.82,27.68,o
43.82,27.66,o
43.79,27.65,o
43.79,27.67,o
43.79,27.67,o
43.72,27.66,o
43.65,27.65,o
43.65,27.66,o
43.65,27.66,o
43.62,27.66,o
43.59,27.65,o
43.55,27.65,o
43.55,27.63,o
43.55,27.61,o
43.59,27.62,o
43.59,27.62,o
43.55,27.61,o
43.55,27.61,o
43.55,27.6,o
43.52,27.6,o
43.52,27.61,o
43.55,27.59,o
43.52,27.57,o
43.55,27.58,o
43.52,27.55,o
43.52,27.55,o
43.49,27.56,o
43.45,27.55,o
43.45,27.55,o
43.45,27.53,o
43.45,27.52,o
43.45,27.53,o
43.45,27.54,o
43.45,27.55,o
43.45,27.56,o
43.39,27.56,o
43.39,27.55,o
43.39,27.55,o
43.39,27.54,o
43.39,27.54,o
43.39,27.54,o
43.39,27.53,o
43.35,27.52,o
43.32,27.51,o
43.29,27.51,o
43.29,27.49,o
43.25,27.49,o
43.25,27.49,o
43.25,27.49,o
43.25,27.47,o
43.25,27.46,o
43.32,27.45,o
43.25,27.46,o
43.29,27.47,o
43.25,27.49,o
43.25,27.49,o
43.19,27.49,o
43.19,27.47,o
43.25,27.45,o
43.22,27.44,o
43.22,27.43,o
43.25,27.42,o
43.19,27.42,o
43.22,27.45,o
43.19,27.44,o
43.15,27.44,o
43.15,27.45,o
43.12,27.44,o
43.12,27.44,o
43.09,27.43,o
43.09,27.45,o
43.09,27.45,o
43.09,27.45,o
43.05,27.45,o
43.02,27.44,o
42.99,27.42,o
42.99,27.44,o
43.02,27.43,o
43.02,27.44,o
43.02,27.43,o
42.99,27.41,o
42.99,27.4,o
43.02,27.4,o
42.99,27.42,o
42.95,27.43,o
42.95,27.42,o
42.92,27.4,o
42.89,27.39,o
42.89,27.39,o
42.92,27.39,o
42.92,27.37,o
42.92,27.38,o
42.89,27.37,o
42.89,27.37,o
42.89,27.36,o
42.89,27.36,o
42.89,27.36,o
42.92,27.36,o
42.89,27.35,o
42.92,27.35,o
42.92,27.35,o
42.92,27.34,o
42.89,27.33,o
42.89,27.33,o
42.85,27.31,o
42.85,27.31,o
42.82,27.32,o
42.79,27.32,o
42.82,27.33,o
42.79,27.33,o
42.75,27.32,o
42.75,27.31,o
42.75,27.31,o
42.79,27.29,o
42.75,27.27,o
42.79,27.28,o
42.79,27.28,o
42.82,27.27,o
42.85,27.26,o
42.82,27.27,o
42.82,27.27,o
42.79,27.26,o
42.85,27.27,o
42.79,27.27,o
42.75,27.27,o
42.72,27.26,o
42.72,27.27,o
42.69,27.25,o
42.69,27.25,o
42.65,27.22,o
42.65,27.23,o
42.72,27.25,o
42.65,27.25,o
42.65,27.26,o
42.65,27.25,o
42.65,27.25,o
42.65,27.25,o
42.65,27.23,o
42.69,27.22,o
42.72,27.23,o
42.65,27.22,o
42.65,27.23,o
42.72,27.26,o
42.69,27.26,o
42.62,27.25,o
42.58,27.25,o
42.58,27.27,o
42.52,27.25,o
42.52,27.26,o
42.52,27.25,o
42.52,27.24,o
42.48,27.23,o
42.48,27.23,o
42.48,27.23,o
42.52,27.23,o
42.48,27.23,o
42.52,27.22,o
42.52,27.21,o
42.52,27.22,o
42.52,27.21,o
42.52,27.22,o
42.52,27.21,o
42.52,27.21,o
42.52,27.22,o
42.45,27.21,o
42.45,27.19,o
42.48,27.19,o
42.45,27.19,o
42.42,27.19,o
42.42,27.21,o
42.38,27.2,o
42.35,27.19,o
42.38,27.17,o
42.38,27.18,o
42.38,27.18,o
42.42,27.2,o
42.38,27.19,o
42.35,27.17,o
42.38,27.18,o
42.38,27.17,o
42.38,27.16,o
42.45,27.17,o
42.45,27.17,o
42.38,27.17,o
42.35,27.17,o
42.35,27.17,o
42.38,27.17,o
42.32,27.17,o
42.32,27.16,o
42.35,27.16,o
42.25,27.15,o
42.28,27.14,o
42.32,27.16,o
42.28,27.16,o
42.25,27.16,o
42.25,27.14,o
42.25,27.14,o
42.28,27.12,o
42.32,27.13,o
42.28,27.13,o
42.25,27.13,o
42.28,27.13,o
42.28,27.13,o
42.32,27.14,o
42.25,27.13,o
42.25,27.15,o
42.25,27.13,o
42.22,27.14,o
42.22,27.14,o
42.18,27.12,o
42.18,27.13,o
42.18,27.13,o
42.15,27.13,o
42.12,27.13,o
42.12,27.13,o
42.15,27.14,o
42.15,27.15,o
42.12,27.13,o
42.12,27.13,o
42.12,27.13,o
42.12,27.13,o
42.15,27.12,o
42.18,27.13,o
42.15,27.13,o
42.12,27.13,o
42.12,27.13,o
42.12,27.13,o
42.08,27.14,o
42.05,27.12,o
42.02,27.12,o
42.05,27.1,o
42.05,27.1,o
41.98,27.09,o
41.98,27.09,o
42.02,27.09,o
41.98,27.07,o
42.02,27.09,o
41.98,27.07,o
42.02,27.08,o
42.05,27.07,o
42.05,27.06,o
42.05,27.08,o
42.05,27.08,o
42.02,27.07,o
42.05,27.05,o
42.05,27.04,o
42.05,27.05,o
42.05,27.05,o
42.05,27.06,o
41.98,27.06,o
41.98,27.06,o
41.98,27.06,o
41.91,27.05,o
41.98,27.04,o
41.98,27.04,o
41.98,27.03,o
41.98,27.04,o
41.98,27.04,o
41.98,27.04,o
41.98,27.05,o
41.95,27.03,o
41.98,27.04,o
41.98,27.05,o
41.98,27.02,o
41.98,27.04,o
41.98,27.03,o
41.95,27.03,o
41.91,27.02,o
41.91,27.0,o
41.95,27.03,o
41.91,27.02,o
41.91,27.03,o
41.91,27.03,o
41.85,27.01,o
41.81,27.01,o
41.78,27.03,o
41.81,27.01,o
41.85,27.02,o
41.88,27.02,o
41.85,27.01,o
41.85,27.01,o
41.85,27.01,o
41.85,27.01,o
41.85,27.01,o
41.88,27.01,o
41.85,26.99,o
41.85,26.99,o
41.85,27.0,o
41.81,27.0,o
41.81,26.99,o
41.81,27.01,o
41.85,27.01,o
41.85,27.01,o
41.88,27.0,o
41.91,26.99,o
42.02,26.99,o
42.12,27.02,o
42.22,27.01,o
42.35,27.02,o
42.42,27.03,o
42.48,27.04,o
42.45,27.06,o
42.45,27.09,o
42.45,27.11,o
42.52,27.11,o
42.62,27.12,o
42.62,27.13,o
42.58,27.14,o
42.45,27.14,o
42.38,27.15,o
42.38,27.18,o
42.35,27.18,o
42.38,27.19,o
42.45,27.21,o
42.48,27.22,o
42.52,27.23,o
42.52,27.24,o
42.52,27.24,o
42.52,27.24,o
42.55,27.27,o
42.58,27.28,o
42.52,27.27,o
42.52,27.29,o
42.52,27.29,o
42.52,27.3,o
42.55,27.31,o
42.58,27.31,o
42.62,27.32,o
42.65,27.33,o
42.69,27.34,o
42.65,27.33,o
42.62,27.33,o
42.62,27.35,o
42.58,27.35,o
42.62,27.37,o
42.65,27.37,o
42.65,27.37,o
42.72,27.38,o
42.72,27.38,o
42.75,27.4,o
42.72,27.39,o
42.72,27.39,o
42.72,27.4,o
42.72,27.4,o
42.72,27.42,o
42.75,27.41,o
42.72,27.41,o
42.75,27.41,o
42.75,27.42,o
42.75,27.43,o
42.72,27.43,o
42.72,27.43,o
42.72,27.44,o
42.65,27.44,o
42.65,27.45,o
42.65,27.45,o
42.65,27.45,o
42.65,27.45,o
42.65,27.45,o
42.65,27.46,o
42.65,27.45,o
42.65,27.46,o
42.62,27.45,o
42.65,27.46,o
42.65,27.47,o
42.65,27.46,o
42.65,27.48,o
42.72,27.47,o
42.65,27.47,o
42.65,27.46,o
42.58,27.48,o
42.58,27.48,o
42.58,27.48,o
42.58,27.47,o
42.58,27.48,o
42.62,27.48,o
42.58,27.48,o
42.62,27.49,o
42.58,27.48,o
42.58,27.49,o
42.58,27.49,o
42.58,27.5,o
42.58,27.49,o
42.58,27.49,o
41.88,26.53,o
41.85,26.54,o
41.85,26.51,o
41.88,26.5,o
41.88,26.49,o
41.91,26.49,o
41.91,26.49,o
41.95,26.49,o
42.02,26.49,o
42.12,26.51,o
42.12,26.51,o
42.15,26.53,o
42.22,26.56,o
42.18,26.58,o
42.18,26.57,o
42.25,26.6,o
42.18,26.6,o
42.18,26.6,o
42.12,26.59,o
42.05,26.59,o
42.02,26.58,o
41.98,26.58,o
41.98,26.59,o
41.95,26.59,o
41.95,26.62,o
41.91,26.6,o
41.85,26.6,o
41.81,26.59,o
41.81,26.61,o
41.85,26.61,o
41.85,26.61,o
41.85,26.61,o
41.85,26.61,o
41.81,26.61,o
41.85,26.6,o
41.85,26.61,o
41.85,26.61,o
41.88,26.61,o
41.85,26.6,o
41.85,26.6,o
41.85,26.59,o
41.85,26.59,o
41.85,26.59,o
41.85,26.59,o
41.85,26.59,o
41.78,26.61,o
41.75,26.61,o
41.71,26.62,o
41.75,26.6,o
41.71,26.6,o
41.71,26.6,o
41.75,26.61,o
41.75,26.61,o
41.71,26.61,o
41.78,26.61,o
41.81,26.63,o
41.88,26.62,o
41.88,26.63,o
41.98,26.64,o
42.05,26.65,o
42.08,26.65,o
42.15,26.67,o
42.18,26.69,o
42.22,26.72,o
42.28,26.75,o
42.32,26.77,o
42.32,26.77,o
42.35,26.79,o
42.35,26.79,o
42.38,26.8,o
42.35,26.8,o
42.28,26.82,o
42.18,26.83,o
42.12,26.82,o
42.08,26.85,o
42.08,26.85,o
42.12,26.87,o
42.18,26.87,o
42.22,26.89,o
42.25,26.89,o
42.25,26.91,o
42.25,26.91,o
42.28,26.91,o
42.28,26.92,o
42.32,26.93,o
42.28,26.94,o
42.28,26.95,o
42.32,26.96,o
42.32,26.97,o
42.35,26.97,o
42.38,26.97,o
42.35,26.97,o
42.35,26.99,o
42.32,26.99,o
42.35,27.01,o
42.32,27.01,o
42.32,27.01,o
42.32,27.01,o
42.35,27.03,o
42.42,27.03,o
42.42,27.03,o
42.45,27.04,o
42.42,27.05,o
42.42,27.05,o
42.38,27.05,o
42.38,27.07,o
42.35,27.06,o
42.32,27.07,o
42.32,27.07,o
42.32,27.08,o
42.35,27.07,o
42.38,27.08,o
42.42,27.08,o
42.42,27.09,o
42.42,27.09,o
42.38,27.09,o
42.38,27.09,o
42.35,27.09,o
42.32,27.11,o
42.32,27.1,o
42.32,27.1,o
42.35,27.12,o
42.35,27.11,o
42.35,27.12,o
42.35,27.13,o
42.35,27.14,o
42.35,27.13,o
42.35,27.13,o
42.35,27.13,o
42.32,27.13,o
42.32,27.13,o
42.32,27.14,o
42.32,27.14,o
42.32,27.14,o
42.32,27.15,o
42.35,27.15,o
42.38,27.15,o
42.38,27.14,o
42.38,27.16,o
42.38,27.16,o
42.38,27.15,o
42.38,27.15,o
42.38,27.16,o
42.38,27.17,o
42.38,27.15,o
42.42,27.17,o
42.42,27.16,o
42.42,27.17,o
42.42,27.16,o
42.42,27.16,o
42.42,27.17,o
42.38,27.17,o
42.42,27.17,o
42.42,27.17,o
42.38,27.17,o
42.42,27.16,o
42.38,27.17,o
42.42,27.17,o
42.42,27.17,o
42.42,27.17,o
42.38,27.17,o
42.38,27.18,o
42.38,27.17,o
42.38,27.18,o
42.38,27.18,o
42.38,27.18,o
42.38,27.18,o
42.38,27.18,o
42.42,27.18,o
42.42,27.21,o
42.42,27.18,o
42.45,27.19,o
42.45,27.19,o
42.45,27.19,o
42.45,27.19,o
42.45,27.19,o
42.45,27.2,o
42.45,27.19,o
42.45,27.19,o
42.45,27.2,o
42.48,27.19,o
42.45,27.19,o
42.45,27.19,o
42.42,27.2,o
42.42,27.19,o
42.42,27.19,o
42.42,27.19,o
42.45,27.19,o
42.42,27.2,o
42.42,27.19,o
42.45,27.19,o
42.45,27.2,o
42.45,27.2,o
42.45,27.2,o
42.45,27.19,o
42.45,27.2,o
42.45,27.21,o
42.45,27.2,o
42.45,27.21,o
42.45,27.19,o
42.45,27.2,o
42.45,27.21,o
42.45,27.2,o
42.45,27.21,o
42.48,27.2,o
42.45,27.2,o
42.45,27.19,o
42.45,27.2,o
42.45,27.2,o
42.45,27.21,o
42.45,27.2,o
42.45,27.21,o
42.45,27.2,o
42.45,27.21,o
42.45,27.2,o
42.45,27.2,o
42.48,27.2,o
42.52,27.2,o
42.52,27.21,o
42.52,27.2,o
42.52,27.2,o
42.52,27.21,o
42.52,27.21,o
42.52,27.21,o
42.52,27.21,o
42.52,27.21,o
42.52,27.22,o
42.48,27.21,o
42.52,27.19,o
42.52,27.21,o
42.52,27.21,o
42.52,27.21,o
42.48,27.21,o
42.52,27.2,o
42.52,27.2,o
42.52,27.21,o
42.52,27.2,o
42.45,27.21,o
42.48,27.2,o
42.48,27.21,o
42.48,27.2,o
42.48,27.21,o
42.52,27.21,o
42.52,27.21,o
42.55,27.21,o
42.55,27.22,o
42.55,27.21,o
42.58,27.21,o
42.58,27.21,o
42.55,27.21,o
42.58,27.21,o
42.58,27.21,o
42.58,27.21,o
42.58,27.22,o
42.58,27.2,o
42.58,27.22,o
42.58,27.21,o
42.62,27.21,o
42.62,27.21,o
42.65,27.21,o
42.65,27.21,o
42.65,27.21,o
42.65,27.21,o
42.65,27.21,o
42.65,27.21,o
42.65,27.21,o
42.65,27.21,o
42.65,27.22,o
42.65,27.21,o
42.65,27.22,o
42.65,27.21,o
42.65,27.21,o
42.65,27.2,o
42.65,27.22,o
42.65,27.21,o
42.65,27.22,o
42.65,27.22,o
42.65,27.21,o
42.65,27.21,o
42.65,27.21,o
42.65,27.21,o
42.65,27.22,o
42.65,27.21,o
42.65,27.21,o
42.65,27.21,o
42.69,27.21,o
42.69,27.2,o
42.69,27.22,o
42.69,27.21,o
42.72,27.22,o
42.72,27.21,o
42.72,27.21,o
42.72,27.21,o
42.72,27.22,o
42.72,27.21,o
42.72,27.22,o
42.72,27.22,o
42.72,27.21,o
42.72,27.21,o
42.75,27.21,o
42.72,27.22,o
42.75,27.23,o
42.75,27.22,o
42.79,27.21,o
42.79,27.21,o
42.75,27.22,o
42.75,27.22,o
42.79,27.22,o
42.72,27.21,o
42.75,27.22,o
42.75,27.22,o
42.79,27.22,o
42.79,27.21,o
42.79,27.21,o
42.79,27.21,o
42.79,27.22,o
42.79,27.21,o
42.79,27.21,o
42.79,27.21,o
42.79,27.22,o
42.79,27.21,o
42.82,27.23,o
42.82,27.21,o
42.82,27.22,o
42.79,27.21,o
42.79,27.21,o
42.79,27.21,o
42.75,27.21,o
42.75,27.21,o
42.72,27.21,o
42.72,27.21,o
42.72,27.21,o
42.72,27.21,o
42.72,27.22,o
42.72,27.21,o
42.75,27.21,o
42.75,27.21,o
42.75,27.21,o
42.79,27.21,o
42.79,27.21,o
42.82,27.22,o
42.85,27.22,o
42.85,27.21,o
42.85,27.22,o
42.85,27.22,o
42.85,27.23,o
42.85,27.22,o
42.89,27.21,o
42.85,27.22,o
42.89,27.22,o
42.85,27.21,o
42.85,27.21,o
42.82,27.21,o
42.79,27.21,o
42.79,27.2,o
42.79,27.21,o
42.79,27.22,o
42.79,27.21,o
42.79,27.22,o
42.79,27.21,o
42.82,27.21,o
42.82,27.23,o
42.85,27.21,o
42.85,27.21,o
42.85,27.21,o
42.85,27.22,o
42.85,27.22,o
42.85,27.21,o
42.82,27.21,o
42.85,27.22,o
42.82,27.21,o
42.79,27.21,o
42.79,27.21,o
42.79,27.21,o
42.79,27.21,o
42.75,27.21,o
42.79,27.21,o
42.79,27.22,o
42.79,27.22,o
42.79,27.21,o
42.79,27.22,o
42.79,27.21,o
42.79,27.21,o
42.79,27.22,o
42.79,27.21,o
42.79,27.21,o
42.79,27.21,o
42.79,27.21,o
42.79,27.21,o
42.79,27.21,o
42.79,27.22,o
42.79,27.22,o
42.79,27.21,o
42.82,27.21,o
42.82,27.22,o
42.85,27.21,o
42.85,27.22,o
42.85,27.21,o
42.85,27.21,o
42.89,27.21,o
42.85,27.21,o
42.85,27.22,o
42.85,27.21,o
42.85,27.21,o
42.85,27.21,o
42.89,27.21,o
42.85,27.21,o
42.92,27.21,o
42.92,27.21,o
42.92,27.22,o
42.92,27.22,o
42.92,27.21,o
42.92,27.21,o
42.92,27.22,o
42.92,27.21,o
42.89,27.22,o
42.89,27.22,o
42.85,27.22,o
42.85,27.23,o
42.89,27.21,o
42.92,27.21,o
42.92,27.21,o
42.92,27.22,o
42.92,27.21,o
42.92,27.21,o
42.92,27.21,o
42.95,27.21,o
42.92,27.21,o
42.92,27.21,o
42.92,27.21,o
42.92,27.21,o
42.92,27.2,o
42.95,27.21,o
42.95,27.22,o
42.99,27.21,o
42.99,27.21,o
42.99,27.21,o
42.99,27.22,o
42.99,27.21,o
42.99,27.22,o
42.99,27.22,o
42.99,27.21,o
42.99,27.21,o
42.99,27.21,o
42.99,27.2,o
42.99,27.22,o
42.99,27.22,o
42.99,27.22,o
42.95,27.21,o
42.95,27.21,o
42.95,27.21,o
42.92,27.2,o
42.92,27.21,o
42.99,27.21,o
42.95,27.23,o
42.99,27.22,o
42.99,27.21,o
42.99,27.22,o
42.99,27.21,o
42.99,27.21,o
42.99,27.21,o
42.99,27.21,o
42.99,27.21,o
43.02,27.21,o
42.99,27.2,o
42.99,27.22,o
42.99,27.21,o
42.99,27.21,o
42.99,27.22,o
42.99,27.21,o
43.02,27.21,o
43.02,27.21,o
43.05,27.2,o
43.05,27.22,o
43.05,27.21,o
43.05,27.2,o
43.05,27.21,o
43.05,27.21,o
43.05,27.21,o
43.02,27.22,o
43.05,27.21,o
43.02,27.21,o
42.99,27.21,o
42.99,27.22,o
42.99,27.21,o
42.99,27.21,o
42.99,27.21,o
42.99,27.2,o
42.99,27.21,o
42.99,27.2,o
42.99,27.21,o
43.02,27.21,o
43.02,27.21,o
42.99,27.21,o
43.05,27.23,o
43.02,27.21,o
43.05,27.21,o
43.05,27.21,o
43.05,27.21,o
43.05,27.21,o
43.05,27.21,o
43.05,27.22,o
43.05,27.21,o
43.05,27.2,o
43.05,27.21,o
43.05,27.21,o
43.05,27.2,o
43.05,27.19,o
42.99,27.18,o
42.95,27.18,o
42.95,27.16,o
42.99,27.16,o
42.99,27.14,o
42.99,27.13,o
42.99,27.12,o
42.99,27.13,o
42.99,27.12,o
42.92,27.11,o
42.92,27.1,o
42.85,27.09,o
42.72,27.09,o
42.65,27.09,o
42.65,27.09,o
42.58,27.08,o
42.55,27.07,o
42.52,27.07,o
42.52,27.06,o
42.52,27.06,o
42.45,27.05,o
42.45,27.05,o
42.45,27.04,o
42.45,27.03,o
42.42,27.03,o
42.42,27.01,o
42.38,27.0,o
42.38,27.0,o
42.38,26.99,o
42.42,26.98,o
42.45,26.98,o
42.45,26.99,o
42.45,26.99,o
42.38,26.99,o
42.35,26.99,o
42.35,26.99,o
42.32,27.0,o
42.25,26.97,o
42.22,26.97,o
42.18,26.96,o
42.18,26.93,o
42.18,26.94,o
42.18,26.93,o
42.22,26.94,o
42.18,26.93,o
42.15,26.93,o
42.12,26.92,o
42.15,26.92,o
42.18,26.91,o
42.12,26.9,o
42.15,26.91,o
42.15,26.89,o
42.12,26.88,o
42.15,26.89,o
42.12,26.86,o
42.12,26.85,o
42.18,26.87,o
42.18,26.85,o
42.12,26.85,o
42.12,26.84,o
42.12,26.82,o
42.05,26.82,o
42.02,26.81,o
42.05,26.8,o
42.05,26.8,o
42.02,26.79,o
42.05,26.77,o
42.05,26.81,o
42.05,26.81,o
42.05,26.81,o
41.98,26.8,o
41.98,26.79,o
41.98,26.78,o
41.98,26.77,o
42.02,26.78,o
41.98,26.77,o
41.98,26.77,o
41.95,26.75,o
41.98,26.74,o
41.98,26.76,o
41.95,26.75,o
41.91,26.75,o
41.91,26.74,o
41.91,26.74,o
41.85,26.73,o
41.88,26.73,o
41.85,26.73,o
41.85,26.73,o
41.85,26.72,o
41.85,26.72,o
41.85,26.73,o
41.85,26.71,o
41.85,26.71,o
41.85,26.7,o
41.85,26.69,o
41.85,26.69,o
41.85,26.67,o
41.85,26.67,o
41.85,26.69,o
41.85,26.69,o
41.85,26.68,o
41.81,26.68,o
41.78,26.65,o
41.78,26.65,o
41.78,26.64,o
41.78,26.64,o
41.78,26.63,o
41.78,26.63,o
41.78,26.63,o
41.78,26.64,o
41.75,26.64,o
41.75,26.66,o
41.75,26.63,o
41.78,26.63,o
41.71,26.63,o
41.75,26.62,o
41.75,26.6,o
41.75,26.62,o
41.78,26.61,o
41.75,26.59,o
41.75,26.59,o
41.78,26.6,o
41.85,26.61,o
41.91,26.61,o
41.95,26.61,o
42.05,26.62,o
42.18,26.62,o
42.25,26.62,o
42.32,26.64,o
42.35,26.66,o
42.38,26.67,o
42.35,26.7,o
42.38,26.71,o
42.38,26.73,o
42.45,26.72,o
42.45,26.73,o
42.45,26.74,o
42.48,26.74,o
42.38,26.75,o
42.35,26.75,o
42.32,26.77,o
42.25,26.79,o
42.25,26.79,o
42.32,26.8,o
42.38,26.8,o
42.45,26.82,o
42.52,26.83,o
42.48,26.83,o
42.48,26.82,o
42.45,26.82,o
42.45,26.84,o
42.48,26.84,o
42.52,26.85,o
42.52,26.85,o
42.52,26.87,o
42.52,26.86,o
42.52,26.89,o
42.52,26.89,o
42.55,26.9,o
42.52,26.89,o
42.52,26.9,o
42.55,26.91,o
42.58,26.91,o
42.58,26.92,o
42.58,26.92,o
42.58,26.92,o
42.55,26.93,o
42.55,26.93,o
42.55,26.92,o
42.55,26.92,o
42.55,26.93,o
42.55,26.94,o
42.58,26.94,o
42.58,26.95,o
42.58,26.96,o
42.58,26.95,o
42.58,26.96,o
42.58,26.96,o
42.58,26.96,o
42.58,26.97,o
42.58,26.97,o
42.58,26.97,o
42.58,26.97,o
42.55,26.97,o
42.58,26.99,o
42.58,26.99,o
42.58,26.99,o
42.58,26.98,o
42.55,26.98,o
42.55,26.99,o
42.55,26.98,o
42.55,26.97,o
42.58,26.99,o
42.58,26.99,o
42.58,26.99,o
42.58,26.99,o
42.62,27.0,o
42.58,27.0,o
42.58,27.0,o
42.58,27.0,o
42.58,27.01,o
42.58,27.01,o
42.58,27.0,o
42.58,27.0,o
42.58,27.01,o
42.58,27.02,o
42.58,27.01,o
42.58,27.01,o
42.58,27.01,o
42.58,27.01,o
42.62,27.01,o
42.58,27.02,o
42.58,27.02,o
42.58,27.03,o
42.58,27.01,o
42.58,27.02,o
42.58,27.02,o
42.58,27.03,o
42.65,27.03,o
42.65,27.03,o
42.65,27.02,o
42.65,27.03,o
42.65,27.03,o
42.65,27.03,o
42.65,27.03,o
42.65,27.05,o
42.65,27.04,o
42.65,27.03,o
42.65,27.03,o
42.62,27.04,o
42.58,27.04,o
42.58,27.04,o
42.58,27.03,o
42.58,27.03,o
42.58,27.04,o
42.58,27.04,o
42.62,27.03,o
42.62,27.04,o
42.62,27.04,o
42.62,27.05,o
42.62,27.05,o
42.62,27.05,o
